구분,코드,이름
제조사,M0000000,자체제작
제조사,M000000A,(주)도투락
제조사,M000000B,(주)보해양조
제조사,M000000C,개성홍삼농산
제조사,M000000D,블루원
제조사,M000000E,에스겔코스메틱
제조사,M000000F,코스메카코리아
제조사,M000000L,리뉴얼라이프
제조사,M000000M,광천김
제조사,M000000N,한울푸드
제조사,M00000CA,엘지생활건강
제조사,M00000CB,아모레퍼시픽
제조사,M00000CC,코스비전
제조사,M00000CD,차앤박
제조사,M00000CE,[주]퓨어텍
제조사,M00000CF,나우코스
제조사,M00000CG,코스맥스
제조사,M00000CH,파이온텍
제조사,M00000CI,(주)코스메카코리아
제조사,M00000CJ,(주)앤디
제조사,M00000CK,제이앤제약(주)
제조사,M00000CL,(주)레인보우뷰티
제조사,M00000CM,엔코스
제조사,M00000CN,이니스프리
제조사,M00000CO,동아제약
제조사,M00000CP,CJ헬스케어
제조사,M00000CQ,유한M
제조사,M00000CR,국제약품
제조사,M00000CS,고바야시
제조사,M00000CT,그렌텍
제조사,M00000CU,넥스트인프라
제조사,M00000CV,부가테크놀러지
제조사,M00000CW,로움
제조사,M00000CX,동해김치
제조사,M00000CY,참존
제조사,M00000CZ,(주)휴롬
제조사,M00000DA,썬라이즈
제조사,M00000DB,AT바이오
제조사,M00000DC,우성사료
제조사,M00000DD,로세앙
제조사,M00000DE,킁킁펫
제조사,M00000DF,더독
제조사,M00000DG,정한산업
제조사,M00000DH,웰툰
제조사,M00000DI,연태
제조사,M00000DJ,루어시스
제조사,M00000DK,㈜대경에프앤비
제조사,M00000DL,Qiangni
제조사,M00000DM,로얄
제조사,M00000DN,로세아
제조사,M00000DO,"Ningbo Meace Pets Products Co.,Ltd"
제조사,M00000DP,포와이즈
제조사,M00000DQ,"Yizhan pet"
제조사,M00000DR,퉁바
제조사,M00000DS,ANF
제조사,M00000DT,"Petcurean Pet Nutrition"
제조사,M00000DU,"KLN Enterprises"
제조사,M00000DV,"Natural Core"
제조사,M00000DW,네이처스버라이어티
제조사,M00000DX,㈜아크
제조사,M00000DY,(주)에이티바이오
제조사,M00000DZ,네츄럴월드
제조사,M00000EA,도기맨
제조사,M00000EB,"Uncle Bens of"
제조사,M00000EC,펫앤바이오
제조사,M00000ED,프로바이오닉
제조사,M00000EE,펫스타일
제조사,M00000EF,로쎄앙
제조사,M00000EG,램버트
제조사,M00000EH,로얄캐닌
제조사,M00000EI,(주)바다르산스
제조사,M00000EJ,펫더맨
제조사,M00000EK,포켄스
제조사,M00000EL,(주)국내산미라클피플사
제조사,M00000EM,"Alcott Products, LLC"
제조사,M00000EN,"NARONG CANNING"
제조사,M00000EO,B&amp;B
제조사,M00000EP,CI메디칼
제조사,M00000EQ,"Farnam Pet Product"
제조사,M00000ER,FUNDLE
제조사,M00000ES,I.S.A
제조사,M00000ET,"MPS PRODUCTS"
제조사,M00000EU,PS코리아
제조사,M00000EV,"Qingdao Zest Trade Co., Ltd."
제조사,M00000EW,"R&amp;T Enterprises"
제조사,M00000EX,"Richell Corporation"
제조사,M00000EY,네츄럴이엑스
제조사,M00000EZ,글로벌펫
제조사,M00000FA,기원상사
제조사,M00000FB,기타
제조사,M00000FC,베스트초이스
제조사,M00000FD,덱사스
제조사,M00000FE,두기펫
제조사,M00000FF,두리화장품
제조사,M00000FG,디엔씨유통
제조사,M00000FH,랠리큐
제조사,M00000FI,레고펫
제조사,M00000FJ,맑은미소
제조사,M00000FK,벨버드
제조사,M00000FL,바른산업
제조사,M00000FM,바비펫
제조사,M00000FN,바우와우
제조사,M00000FO,베스트무역
제조사,M00000FP,베스트
제조사,M00000FQ,원스타인터내셔널
제조사,M00000FR,비타크래프트
제조사,M00000FS,소마코리아데코㈜
제조사,M00000FT,씨엠펫
제조사,M00000FU,아이매직
제조사,M00000FV,아일오브독스
제조사,M00000FW,엘리먼트
제조사,M00000FX,테라펫
제조사,M00000FY,에코월드
제조사,M00000FZ,㈜펫더맨
제조사,M00000GA,㈜국내산사료
제조사,M00000GB,팍스푸드
제조사,M00000GC,슈퍼디자인
제조사,M00000GD,"페티오 코퍼레이션"
제조사,M00000GE,펫토리
제조사,M00000GF,폴포즈
제조사,M00000GG,오드리캣
제조사,M00000GH,은지유통
제조사,M00000GI,㈜오션
제조사,M00000GJ,퍼피아울렛
제조사,M00000GK,폴스컴퍼니
제조사,M00000GL,CELLY
제조사,M00000GM,IMOVER
제조사,M00000GN,MILI
제조사,M00000GO,텐다
제조사,M00000GP,머케인
제조사,M00000GQ,KARCHER
제조사,M00000GR,JIADEXI
제조사,M00000GS,ZS
제조사,M00000GT,mejo
제조사,M00000GU,스마트미
제조사,M00000GV,샤오미
제조사,M00000GW,SMARTMI
제조사,M00000GX,디어마
제조사,M00000GY,윈미
제조사,M00000GZ,PGM
제조사,M00000HA,yourlife
제조사,M00000HB,마블
제조사,M00000HC,FLEXWARM
제조사,M00000HD,PRITECH
제조사,M00000HE,Dreame
제조사,M00000HF,디베아
제조사,M00000HG,KOKO
제조사,M00000HH,ZHI
제조사,M00000HI,XINGFEI
제조사,M00000HJ,"MEIYING SHALI"
제조사,M00000HK,SHANLING
제조사,M00000HL,"warm studio"
제조사,M00000HM,WELCOME
제조사,M00000HN,QCY
제조사,M00000HO,baoxi
제조사,M00000HP,Anomoibuds
제조사,M00000HQ,70mai
제조사,M00000HR,YIJIA
제조사,M00000HS,JUMANSHENGHUO
제조사,M00000HT,HAILANG
제조사,M00000HU,AIJIA
제조사,M00000HV,ACA
제조사,M00000HW,SHANGHAO
제조사,M00000HX,donlim
제조사,M00000HY,HUOHOU
제조사,M00000HZ,JITAOHUI
제조사,M00000IA,ZIZHIJIN
제조사,M00000IB,HOME
제조사,M00000IC,NAPU
제조사,M00000ID,"SHANGHAI MEINUO"
제조사,M00000IE,QIANYU
제조사,M00000IF,other
제조사,M00000IG,DDS
제조사,M00000IH,"TANYA BRIDAL"
제조사,M00000II,KOKUTAKU
제조사,M00000IJ,김재식헬스푸드
제조사,M00000IK,리뉴얼라이프
제조사,M00000IL,광천김
제조사,M00000IM,한울푸드
제조사,M00000IN,㈜우리식품
제조사,M00000IO,"농업회사법인 햇빛촌㈜"
제조사,M00000IP,"농업회사법인 새봄푸드㈜"
제조사,M00000IQ,농업회사법인㈜코리아식품
제조사,M00000IR,농업회사법인㈜제이원푸드
제조사,M00000IS,(주)유니텍산업
제조사,M00000IT,삼성전자
제조사,M00000IU,㈜락피쉬
제조사,M00000IV,㈜다인스
제조사,M00000IW,㈜루미너스
제조사,M00000IX,아주화장품
제조사,M00000IY,허브패밀리
제조사,M00000IZ,도드람
제조사,M00000JA,동원
제조사,M00000JB,글라스락
제조사,M00000JC,바사
제조사,M00000JD,휴스톰
공급사,S0000000,베니마켓
공급사,S00000BC,머케인_한스
공급사,S00000BA,엔에프이노센스
공급사,S000000Z,"블레스 컴퍼니"
공급사,S000000Y,루미너스
공급사,S000000X,경성리빙테크
공급사,S000000W,SJ글로벌
공급사,S000000V,KBG인터내셔널
공급사,S000000U,BPB
공급사,S000000T,아이원세븐
공급사,S000000S,쪼코박스
공급사,S000000Q,장수상회
공급사,S000000P,자임트리
공급사,S000000O,그로위드
공급사,S00000BD,블레스컴퍼니
공급사,S00000BB,갤럭시펫
공급사,S00000BE,아이오칸
공급사,S00000BF,"PNR 컴퍼니_한스"
공급사,S00000BG,VASA_한스
공급사,S00000BH,경성리빙테크
공급사,S00000BI,도드람
공급사,S00000BJ,루미너스
공급사,S00000BK,민팅
공급사,S00000BL,베니마켓
공급사,S00000BM,뷰텍
공급사,S00000BN,비에이치
공급사,S00000BO,영현
공급사,S00000BP,올썸
공급사,S00000BQ,유니텍
공급사,S00000BR,자임트리
공급사,S00000BS,SJ글로벌
공급사,S00000BT,īó
공급사,S00000BU,하나린유통_한스
공급사,S00000BV,한국사료
공급사,S00000BW,넥스트인프라
공급사,S00000BX,제이씨오르
공급사,S00000BY,모나리자종합유통
공급사,S00000BZ,참존
브랜드,B0000000,보해양조
브랜드,B000000G,도투락
브랜드,B000000H,개성홍삼농산
브랜드,B000000I,블루원
브랜드,B000000J,에스겔코스메틱
브랜드,B000000K,코스메카코리아
브랜드,B000000R,그로위드
브랜드,B00000JE,삼성전자
브랜드,B00000JF,휴스톰
브랜드,B00000JG,VASA
브랜드,B00000JH,동원
브랜드,B00000JI,글라스락
브랜드,B00000JJ,도드람포크
브랜드,B00000JK,또또맘
브랜드,B00000JL,김재식헬스푸드
브랜드,B00000JM,근사한끼
브랜드,B00000JN,샤오미
브랜드,B00000JO,카처
브랜드,B00000JP,CELLY
브랜드,B00000JQ,휴롬
브랜드,B00000JR,모나리자
브랜드,B00000JS,참존
브랜드,B00000JT,디올
브랜드,B00000JU,설화수
브랜드,B00000JV,후
브랜드,B00000JW,ahc
브랜드,B00000JZ,탐포드
브랜드,B00000JY,입생로랑
브랜드,B00000JX,샤넬
브랜드,B00000KA,sk2
브랜드,B00000KB,sisley
브랜드,B00000KC,슈에무라
브랜드,B00000KD,shiseido
브랜드,B00000KE,physiogel
브랜드,B00000KF,오리진스
브랜드,B00000KG,nars
브랜드,B00000KH,맥
브랜드,B00000KI,lush
브랜드,B00000KJ,키엘
브랜드,B00000KK,"jo malone"
브랜드,B00000KL,겔랑
브랜드,B00000KM,gucci
브랜드,B00000KN,eucerin
브랜드,B00000KO,"estee lauder"
브랜드,B00000KP,diptyque
브랜드,B00000KQ,"cosme decorte"
브랜드,B00000KR,clinique
브랜드,B00000KS,"giorgio armai"
브랜드,B00000KT,"christian dior"
브랜드,B00000KU,bobbibrown
브랜드,B00000KV,biotherm
브랜드,B00000KW,lancome
브랜드,B00000KX,동아제약
브랜드,B00000KY,cj헬스케어
브랜드,B00000KZ,유한M
브랜드,B00000LA,국제약품
브랜드,B00000LB,그렌텍
브랜드,B00000LC,넥스트인프라
브랜드,B00000LD,부가테크놀러지
브랜드,B00000LE,로움
트렌드,T0000000,기본트렌드
원산지,1,"강원도 강릉시"
원산지,2,"강원도 고성군"
원산지,3,"강원도 동해시"
원산지,4,"강원도 삼척시"
원산지,5,"강원도 속초시"
원산지,6,"강원도 양구군"
원산지,7,"강원도 양양군"
원산지,8,"강원도 영월군"
원산지,9,"강원도 원주시"
원산지,10,"강원도 인제군"
원산지,11,"강원도 정선군"
원산지,12,"강원도 철원군"
원산지,13,"강원도 춘천시"
원산지,14,"강원도 태백시"
원산지,15,"강원도 평창군"
원산지,16,"강원도 홍천군"
원산지,17,"강원도 화천군"
원산지,18,"강원도 횡성군"
원산지,19,"경기도 가평군"
원산지,20,"경기도 고양시"
원산지,21,"경기도 과천시"
원산지,22,"경기도 광명시"
원산지,23,"경기도 구리시"
원산지,24,"경기도 군포시"
원산지,25,"경기도 김포시"
원산지,26,"경기도 남양주시"
원산지,27,"경기도 동두천시"
원산지,28,"경기도 부천시"
원산지,29,"경기도 성남시"
원산지,30,"경기도 수원시"
원산지,31,"경기도 시흥시"
원산지,32,"경기도 안산시"
원산지,33,"경기도 안성시"
원산지,34,"경기도 안양시"
원산지,35,"경기도 양주시"
원산지,36,"경기도 양평군"
원산지,37,"경기도 여주시"
원산지,38,"경기도 연천군"
원산지,39,"경기도 오산시"
원산지,40,"경기도 용인시"
원산지,41,"경기도 의왕시"
원산지,42,"경기도 의정부시"
원산지,43,"경기도 이천시"
원산지,44,"경기도 파주시"
원산지,45,"경기도 평택시"
원산지,46,"경기도 포천시"
원산지,47,"경기도 하남시"
원산지,48,"경기도 화성시"
원산지,49,"경상남도 거제시"
원산지,50,"경상남도 거창군"
원산지,51,"경상남도 고성군"
원산지,52,"경상남도 김해시"
원산지,53,"경상남도 남해군"
원산지,54,"경상남도 마산시"
원산지,55,"경상남도 밀양시"
원산지,56,"경상남도 사천시"
원산지,57,"경상남도 산청군"
원산지,58,"경상남도 양산시"
원산지,59,"경상남도 의령군"
원산지,60,"경상남도 진주시"
원산지,61,"경상남도 진해시"
원산지,62,"경상남도 창녕군"
원산지,63,"경상남도 창원시"
원산지,64,"경상남도 통영시"
원산지,65,"경상남도 하동군"
원산지,66,"경상남도 함안군"
원산지,67,"경상남도 함양군"
원산지,68,"경상남도 합천군"
원산지,69,"경상북도 경산시"
원산지,70,"경상북도 경주시"
원산지,71,"경상북도 고령군"
원산지,72,"경상북도 구미시"
원산지,73,"경상북도 군위군"
원산지,74,"경상북도 김천시"
원산지,75,"경상북도 문경시"
원산지,76,"경상북도 봉화군"
원산지,77,"경상북도 상주시"
원산지,78,"경상북도 성주군"
원산지,79,"경상북도 안동시"
원산지,80,"경상북도 영덕군"
원산지,81,"경상북도 영양군"
원산지,82,"경상북도 영주시"
원산지,83,"경상북도 영천시"
원산지,84,"경상북도 예천군"
원산지,85,"경상북도 울릉군"
원산지,86,"경상북도 울진군"
원산지,87,"경상북도 의성군"
원산지,88,"경상북도 청도군"
원산지,89,"경상북도 청송군"
원산지,90,"경상북도 칠곡군"
원산지,91,"경상북도 포항시"
원산지,92,"광주광역시 광산구"
원산지,93,"광주광역시 남구"
원산지,94,"광주광역시 동구"
원산지,95,"광주광역시 북구"
원산지,96,"광주광역시 서구"
원산지,97,"대구광역시 남구"
원산지,98,"대구광역시 달서구"
원산지,99,"대구광역시 달성군"
원산지,100,"대구광역시 동구"
원산지,101,"대구광역시 북구"
원산지,102,"대구광역시 서구"
원산지,103,"대구광역시 수성구"
원산지,104,"대구광역시 중구"
원산지,105,"대전광역시 대덕구"
원산지,106,"대전광역시 동구"
원산지,107,"대전광역시 서구"
원산지,108,"대전광역시 유성구"
원산지,109,"대전광역시 중구"
원산지,110,"부산광역시 강서구"
원산지,111,"부산광역시 금정구"
원산지,112,"부산광역시 기장군"
원산지,113,"부산광역시 남구"
원산지,114,"부산광역시 동구"
원산지,115,"부산광역시 동래구"
원산지,116,"부산광역시 부산진구"
원산지,117,"부산광역시 북구"
원산지,118,"부산광역시 사상구"
원산지,119,"부산광역시 사하구"
원산지,120,"부산광역시 서구"
원산지,121,"부산광역시 수영구"
원산지,122,"부산광역시 연제구"
원산지,123,"부산광역시 영도구"
원산지,124,"부산광역시 중구"
원산지,125,"부산광역시 해운대구"
원산지,126,"서울특별시 강남구"
원산지,127,"서울특별시 강동구"
원산지,128,"서울특별시 강북구"
원산지,129,"서울특별시 강서구"
원산지,130,"서울특별시 관악구"
원산지,131,"서울특별시 광진구"
원산지,132,"서울특별시 구로구"
원산지,133,"서울특별시 금천구"
원산지,134,"서울특별시 노원구"
원산지,135,"서울특별시 도봉구"
원산지,136,"서울특별시 동대문구"
원산지,137,"서울특별시 동작구"
원산지,138,"서울특별시 마포구"
원산지,139,"서울특별시 서대문구"
원산지,140,"서울특별시 서초구"
원산지,141,"서울특별시 성동구"
원산지,142,"서울특별시 성북구"
원산지,143,"서울특별시 송파구"
원산지,144,"서울특별시 양천구"
원산지,145,"서울특별시 영등포구"
원산지,146,"서울특별시 용산구"
원산지,147,"서울특별시 은평구"
원산지,148,"서울특별시 종로구"
원산지,149,"서울특별시 중구"
원산지,150,"서울특별시 중랑구"
원산지,151,"울산광역시 남구"
원산지,152,"울산광역시 동구"
원산지,153,"울산광역시 북구"
원산지,154,"울산광역시 울주군"
원산지,155,"울산광역시 중구"
원산지,156,"인천광역시 강화군"
원산지,157,"인천광역시 계양구"
원산지,158,"인천광역시 남구"
원산지,159,"인천광역시 남동구"
원산지,160,"인천광역시 동구"
원산지,161,"인천광역시 부평구"
원산지,162,"인천광역시 서구"
원산지,163,"인천광역시 연수구"
원산지,164,"인천광역시 옹진군"
원산지,165,"인천광역시 중구"
원산지,166,"전라남도 강진군"
원산지,167,"전라남도 고흥군"
원산지,168,"전라남도 곡성군"
원산지,169,"전라남도 광양시"
원산지,170,"전라남도 구례군"
원산지,171,"전라남도 나주시"
원산지,172,"전라남도 담양군"
원산지,173,"전라남도 목포시"
원산지,174,"전라남도 무안군"
원산지,175,"전라남도 보성군"
원산지,176,"전라남도 순천시"
원산지,177,"전라남도 신안군"
원산지,178,"전라남도 여수시"
원산지,179,"전라남도 영광군"
원산지,180,"전라남도 영암군"
원산지,181,"전라남도 완도군"
원산지,182,"전라남도 장성군"
원산지,183,"전라남도 장흥군"
원산지,184,"전라남도 진도군"
원산지,185,"전라남도 함평군"
원산지,186,"전라남도 해남군"
원산지,187,"전라남도 화순군"
원산지,188,"전라북도 고창군"
원산지,189,"전라북도 군산시"
원산지,190,"전라북도 김제시"
원산지,191,"전라북도 남원시"
원산지,192,"전라북도 무주군"
원산지,193,"전라북도 부안군"
원산지,194,"전라북도 순창군"
원산지,195,"전라북도 완주군"
원산지,196,"전라북도 익산시"
원산지,197,"전라북도 임실군"
원산지,198,"전라북도 장수군"
원산지,199,"전라북도 전주시"
원산지,200,"전라북도 정읍시"
원산지,201,"전라북도 진안군"
원산지,202,"제주특별자치도 제주시"
원산지,203,"제주특별자치도 서귀포시"
원산지,204,"충청남도 계룡시"
원산지,205,"충청남도 공주시"
원산지,206,"충청남도 금산군"
원산지,207,"충청남도 논산시"
원산지,208,"충청남도 당진군"
원산지,209,"충청남도 보령시"
원산지,210,"충청남도 부여군"
원산지,211,"충청남도 서산시"
원산지,212,"충청남도 서천군"
원산지,213,"충청남도 아산시"
원산지,214,"충청남도 연기군"
원산지,215,"충청남도 예산군"
원산지,216,"충청남도 천안시"
원산지,217,"충청남도 청양군"
원산지,218,"충청남도 태안군"
원산지,219,"충청남도 홍성군"
원산지,220,"충청북도 괴산군"
원산지,221,"충청북도 단양군"
원산지,222,"충청북도 보은군"
원산지,223,"충청북도 영동군"
원산지,224,"충청북도 옥천군"
원산지,225,"충청북도 음성군"
원산지,226,"충청북도 제천시"
원산지,227,"충청북도 증평군"
원산지,228,"충청북도 진천군"
원산지,229,"충청북도 청원군"
원산지,230,"충청북도 청주시"
원산지,231,"충청북도 충주시"
원산지,232,"아시아 그루지야"
원산지,233,"아시아 네팔"
원산지,234,"아시아 동티모르"
원산지,235,"아시아 라오스"
원산지,236,"아시아 레바논"
원산지,237,"아시아 말레이시아"
원산지,238,"아시아 몰디브"
원산지,239,"아시아 몽골"
원산지,240,"아시아 미얀마"
원산지,241,"아시아 바레인"
원산지,242,"아시아 방글라데시"
원산지,243,"아시아 베트남"
원산지,244,"아시아 부탄"
원산지,245,"아시아 북한"
원산지,246,"아시아 브루나이"
원산지,247,"아시아 사우디아라비아"
원산지,248,"아시아 스리랑카"
원산지,249,"아시아 시리아"
원산지,250,"아시아 싱가포르"
원산지,251,"아시아 아랍에미리트"
원산지,252,"아시아 아르메니아"
원산지,253,"아시아 아프가니스탄"
원산지,254,"아시아 예멘"
원산지,255,"아시아 오만"
원산지,256,"아시아 요르단"
원산지,257,"아시아 우즈베키스탄"
원산지,258,"아시아 이라크"
원산지,259,"아시아 이란"
원산지,260,"아시아 이스라엘"
원산지,261,"아시아 인도"
원산지,262,"아시아 인도네시아"
원산지,263,"아시아 일본"
원산지,264,"아시아 중국"
원산지,265,"아시아 카자흐스탄"
원산지,266,"아시아 카타르"
원산지,267,"아시아 캄보디아"
원산지,268,"아시아 쿠웨이트"
원산지,269,"아시아 키리기스스탄"
원산지,270,"아시아 태국"
원산지,271,"아시아 투르크메니스탄"
원산지,272,"아시아 파키스탄"
원산지,273,"아시아 필리핀"
원산지,274,"아프리카 가나"
원산지,275,"아프리카 기니"
원산지,276,"아프리카 기니비사우"
원산지,277,"아프리카 나미비아"
원산지,278,"아프리카 나이지리아"
원산지,279,"아프리카 남아프리카공화국"
원산지,280,"아프리카 니제르"
원산지,281,"아프리카 라이베리아"
원산지,282,"아프리카 레소토"
원산지,283,"아프리카 르완다"
원산지,284,"아프리카 마다가스카르"
원산지,285,"아프리카 말라위"
원산지,286,"아프리카 말리"
원산지,287,"아프리카 모로코"
원산지,288,"아프리카 모리셔스"
원산지,289,"아프리카 모리타니"
원산지,290,"아프리카 소말리아"
원산지,291,"아프리카 수단"
원산지,292,"아프리카 스와질랜드"
원산지,293,"아프리카 시에라리온"
원산지,294,"아프리카 알제리"
원산지,295,"아프리카 앙골라"
원산지,296,"아프리카 에리트리아"
원산지,297,"아프리카 에디오피아"
원산지,298,"아프리카 우간다"
원산지,299,"아프리카 이집트"
원산지,300,"아프리카 잠비아"
원산지,301,"아프리카 적도기니공화국"
원산지,302,"아프리카 중앙아프리카공화국"
원산지,303,"아프리카 지부티"
원산지,304,"아프리카 짐바브웨"
원산지,305,"아프리카 차드"
원산지,306,"아프리카 카메룬"
원산지,307,"아프리카 카보베르데"
원산지,308,"아프리카 케냐"
원산지,309,"아프리카 코모로"
원산지,310,"아프리카 코트디브와르"
원산지,311,"아프리카 콩고"
원산지,312,"아프리카 콩고민주공화국"
원산지,313,"아프리카 탄자니아"
원산지,314,"아프리카 토고"
원산지,315,"아프리카 튀니지"
원산지,316,"유럽 그리스"
원산지,317,"유럽 네덜란드"
원산지,318,"유럽 노르웨이"
원산지,319,"유럽 덴마크"
원산지,320,"유럽 독일"
원산지,321,"유럽 라트비아"
원산지,322,"유럽 러시아"
원산지,323,"유럽 룩셈부르크"
원산지,324,"유럽 리투아니아"
원산지,325,"유럽 리히텐슈타인"
원산지,326,"유럽 마케도니아"
원산지,327,"유럽 모나코"
원산지,328,"유럽 몰타"
원산지,329,"유럽 바티칸"
원산지,330,"유럽 벨기에"
원산지,331,"유럽 벨로루시"
원산지,332,"유럽 보스니아헤르체고비나"
원산지,333,"유럽 불가리아"
원산지,334,"유럽 스웨덴"
원산지,335,"유럽 스위스"
원산지,336,"유럽 스페인"
원산지,337,"유럽 슬로바키아"
원산지,338,"유럽 슬로베니아"
원산지,339,"유럽 아이슬란드"
원산지,340,"유럽 아일랜드공화국"
원산지,341,"유럽 아제르바이잔"
원산지,342,"유럽 안도라"
원산지,343,"유럽 알바니아"
원산지,344,"유럽 에스토니아"
원산지,345,"유럽 영국"
원산지,346,"유럽 오스트리아"
원산지,347,"유럽 유고"
원산지,348,"유럽 이탈리아"
원산지,349,"유럽 체코"
원산지,350,"유럽 크로아티아"
원산지,351,"유럽 사이프러스"
원산지,352,"유럽 터키"
원산지,353,"유럽 포르투갈"
원산지,354,"유럽 폴란드"
원산지,355,"유럽 프랑스"
원산지,356,"유럽 핀란드"
원산지,357,"유럽 헝가리"
원산지,358,"아메리카 미국"
원산지,359,"아메리카 바베이도스"
원산지,360,"아메리카 아이티"
원산지,361,"아메리카 캐나다"
원산지,362,"아메리카 그레나다"
원산지,363,"아메리카 니카라과"
원산지,364,"아메리카 도미니카"
원산지,365,"아메리카 도미니카공화국"
원산지,366,"아메리카 멕시코"
원산지,367,"아메리카 바하마"
원산지,368,"아메리카 베네수엘라"
원산지,369,"아메리카 볼리비아"
원산지,370,"아메리카 브라질"
원산지,371,"아메리카 세인트루시아"
원산지,372,"아메리카 수리남"
원산지,373,"아메리카 아르헨티나"
원산지,374,"아메리카 에콰도르"
원산지,375,"아메리카 엘살바도르"
원산지,376,"아메리카 온두라스"
원산지,377,"아메리카 우루과이"
원산지,378,"아메리카 자메이카"
원산지,379,"아메리카 칠레"
원산지,380,"아메리카 코스타리카"
원산지,381,"아메리카 콜롬비아"
원산지,382,"아메리카 쿠바"
원산지,383,"아메리카 트리니다드토바고"
원산지,384,"아메리카 파라과이"
원산지,385,"아메리카 페루"
원산지,386,"아메리카 기아나"
원산지,387,"오세아니아 나우루"
원산지,388,"오세아니아 뉴질랜드"
원산지,389,"오세아니아 마셜군도"
원산지,390,"오세아니아 바누아투"
원산지,391,"오세아니아 서사모아"
원산지,392,"오세아니아 솔로몬군도"
원산지,393,"오세아니아 키리바시"
원산지,394,"오세아니아 통가"
원산지,395,"오세아니아 투발루"
원산지,396,"오세아니아 파푸아뉴기니"
원산지,397,"오세아니아 팔라우"
원산지,398,"오세아니아 피지"
원산지,399,"오세아니아 호주"
원산지,1776,경기도
원산지,1777,경상남도
원산지,1778,경상북도
원산지,1779,광주광역시
원산지,1780,대구광역시
원산지,1781,대전광역시
원산지,1782,부산광역시
원산지,1783,서울특별시
원산지,1784,울산광역시
원산지,1785,인천광역시
원산지,1786,전라남도
원산지,1787,전라북도
원산지,1788,제주특별자치도
원산지,1789,충청남도
원산지,1790,충청북도
원산지,1791,강원도
원산지,1792,아시아
원산지,1793,아프리카
원산지,1794,유럽
원산지,1795,아메리카
원산지,1796,오세아니아
원산지,1798,국내
원산지,1799,해외
원산지,1800,기타
원산지,1811,"아시아 대만"
원산지,1814,"경기도 광주시"
원산지,1817,세종특별자치시
상품구분(해외통관),AAAA0000,"여성의류 > 가디건"
상품구분(해외통관),AAAK0000,"여성의류 > 코트"
상품구분(해외통관),AAAH0000,"여성의류 > 재킷"
상품구분(해외통관),AAAI0000,"여성의류 > 점퍼"
상품구분(해외통관),AAAV0000,"여성의류 > 파카"
상품구분(해외통관),AAAS0000,"여성의류 > 기타아우터"
상품구분(해외통관),AAAD0000,"여성의류 > 블라우스"
상품구분(해외통관),AAAE0000,"여성의류 > 셔츠"
상품구분(해외통관),AAAN0000,"여성의류 > 티셔츠"
상품구분(해외통관),AAAB0000,"여성의류 > 니트"
상품구분(해외통관),AAAJ0000,"여성의류 > 조끼"
상품구분(해외통관),AAAT0000,"여성의류 > 기타상의"
상품구분(해외통관),AAAF0000,"여성의류 > 스커트"
상품구분(해외통관),AAAC0000,"여성의류 > 바지"
상품구분(해외통관),AAAR0000,"여성의류 > 기타하의"
상품구분(해외통관),AAAG0000,"여성의류 > 원피스"
상품구분(해외통관),AAAU0000,"여성의류 > 점프수트"
상품구분(해외통관),AAAL0000,"여성의류 > 투피스"
상품구분(해외통관),AAAP0000,"여성의류 > 신발"
상품구분(해외통관),AAAQ0000,"여성의류 > 기타신발소품"
상품구분(해외통관),AAAOAC00,"여성의류 > 언더웨어 > 브라"
상품구분(해외통관),AAAOAA00,"여성의류 > 언더웨어 > 팬티"
상품구분(해외통관),AAAOAE00,"여성의류 > 언더웨어 > 브라팬티세트"
상품구분(해외통관),AAAOAG00,"여성의류 > 언더웨어 > 보정속옷"
상품구분(해외통관),AAAOAB00,"여성의류 > 언더웨어 > 잠옷/홈웨어"
상품구분(해외통관),AAAOAF00,"여성의류 > 언더웨어 > 목욕가운"
상품구분(해외통관),AAAOAD00,"여성의류 > 언더웨어 > 기타소품"
상품구분(해외통관),AAAMAA00,"여성의류 > 스포츠의류 > 상의"
상품구분(해외통관),AAAMAC00,"여성의류 > 스포츠의류 > 하의"
상품구분(해외통관),AAAMAB00,"여성의류 > 스포츠의류 > 상하의세트"
상품구분(해외통관),AAAY0000,"여성의류 > 풀오버"
상품구분(해외통관),AAAZ0000,"여성의류 > 후드티"
상품구분(해외통관),ABAE0000,"여성잡화 > 가방"
상품구분(해외통관),ABAA0000,"여성잡화 > 지갑"
상품구분(해외통관),ABAC0000,"여성잡화 > 숄/스카프/머플러"
상품구분(해외통관),ABAB0000,"여성잡화 > 장갑"
상품구분(해외통관),ABAD0000,"여성잡화 > 벨트"
상품구분(해외통관),ABAF0000,"여성잡화 > 기타여성잡화"
상품구분(해외통관),ACAA0000,"주얼리 > 귀걸이"
상품구분(해외통관),ACAB0000,"주얼리 > 목걸이"
상품구분(해외통관),ACAC0000,"주얼리 > 반지"
상품구분(해외통관),ACAD0000,"주얼리 > 팔찌/발찌"
상품구분(해외통관),ACAE0000,"주얼리 > 브로치"
상품구분(해외통관),ACAF0000,"주얼리 > 주얼리 세트"
상품구분(해외통관),ADAI0000,"남성의류 > 가디건"
상품구분(해외통관),ADAE0000,"남성의류 > 코트"
상품구분(해외통관),ADAG0000,"남성의류 > 재킷"
상품구분(해외통관),ADAD0000,"남성의류 > 점퍼"
상품구분(해외통관),ADAR0000,"남성의류 > 파카"
상품구분(해외통관),ADAH0000,"남성의류 > 기타아우터"
상품구분(해외통관),ADAK0000,"남성의류 > 셔츠"
상품구분(해외통관),ADAJ0000,"남성의류 > 티셔츠"
상품구분(해외통관),ADAL0000,"남성의류 > 니트"
상품구분(해외통관),ADAF0000,"남성의류 > 조끼"
상품구분(해외통관),ADAM0000,"남성의류 > 기타상의"
상품구분(해외통관),ADAA0000,"남성의류 > 바지"
상품구분(해외통관),ADAB0000,"남성의류 > 기타하의"
상품구분(해외통관),ADAN0000,"남성의류 > 정장세트"
상품구분(해외통관),ADAP0000,"남성의류 > 신발"
상품구분(해외통관),ADAQ0000,"남성의류 > 기타신발소품"
상품구분(해외통관),ADAOAG00,"남성의류 > 언더웨어 > 런닝"
상품구분(해외통관),ADAOAA00,"남성의류 > 언더웨어 > 팬티"
상품구분(해외통관),ADAOAF00,"남성의류 > 언더웨어 > 런닝팬티세트"
상품구분(해외통관),ADAOAD00,"남성의류 > 언더웨어 > 속옷(상의)"
상품구분(해외통관),ADAOAC00,"남성의류 > 언더웨어 > 속옷(하의)"
상품구분(해외통관),ADAOAB00,"남성의류 > 언더웨어 > 잠옷/홈웨어"
상품구분(해외통관),ADAOAH00,"남성의류 > 언더웨어 > 목욕가운"
상품구분(해외통관),ADAOAE00,"남성의류 > 언더웨어 > 기타소품"
상품구분(해외통관),ADACAC00,"남성의류 > 스포츠의류 > 상의"
상품구분(해외통관),ADACAA00,"남성의류 > 스포츠의류 > 하의"
상품구분(해외통관),ADACAB00,"남성의류 > 스포츠의류 > 상하의세트"
상품구분(해외통관),AFAG0000,"남성잡화 > 가방"
상품구분(해외통관),AFAA0000,"남성잡화 > 지갑"
상품구분(해외통관),AFAC0000,"남성잡화 > 숄/스카프/머플러"
상품구분(해외통관),AFAE0000,"남성잡화 > 넥타이"
상품구분(해외통관),AFAB0000,"남성잡화 > 장갑"
상품구분(해외통관),AFAD0000,"남성잡화 > 벨트"
상품구분(해외통관),AFAF0000,"남성잡화 > 기타남성잡화"
상품구분(해외통관),AEAI0000,"기타잡화 > 모자"
상품구분(해외통관),AEAB0000,"기타잡화 > 헤어엑세서리"
상품구분(해외통관),AEAC0000,"기타잡화 > 가발"
상품구분(해외통관),AEAD0000,"기타잡화 > 선글라스"
상품구분(해외통관),AEAE0000,"기타잡화 > 안경"
상품구분(해외통관),AEAF0000,"기타잡화 > 안경 액세서리"
상품구분(해외통관),AEAGAA00,"기타잡화 > 시계 > 기타시계"
상품구분(해외통관),AEAGAB00,"기타잡화 > 시계 > 디지털시계"
상품구분(해외통관),AEAGAC00,"기타잡화 > 시계 > 아날로그시계"
상품구분(해외통관),AEAH0000,"기타잡화 > 시계 액세서리"
상품구분(해외통관),AEAJ0000,"기타잡화 > 양말"
상품구분(해외통관),AEAA0000,"기타잡화 > 스타킹"
상품구분(해외통관),AEAK0000,"기타잡화 > 가방소품"
상품구분(해외통관),AEAL0000,"기타잡화 > 휴대폰케이스"
상품구분(해외통관),AEAM0000,"기타잡화 > 기타케이스"
상품구분(해외통관),AEAN0000,"기타잡화 > 손수건"
상품구분(해외통관),AEAO0000,"기타잡화 > 비치타월"
상품구분(해외통관),AEAQ0000,"기타잡화 > 커프스"
상품구분(해외통관),AEAS0000,"기타잡화 > 키링"
상품구분(해외통관),AEAP0000,"기타잡화 > 기타액세서리"
상품구분(해외통관),AEAT0000,"기타잡화 > 레깅스"
상품구분(해외통관),AGAN0000,"유아용의류 > 가디건"
상품구분(해외통관),AGAC0000,"유아용의류 > 코트"
상품구분(해외통관),AGAG0000,"유아용의류 > 재킷"
상품구분(해외통관),AGAF0000,"유아용의류 > 점퍼"
상품구분(해외통관),AGAW0000,"유아용의류 > 파카"
상품구분(해외통관),AGAK0000,"유아용의류 > 블라우스"
상품구분(해외통관),AGAJ0000,"유아용의류 > 셔츠"
상품구분(해외통관),AGAA0000,"유아용의류 > 티셔츠"
상품구분(해외통관),AGAM0000,"유아용의류 > 니트"
상품구분(해외통관),AGAD0000,"유아용의류 > 조끼"
상품구분(해외통관),AGAR0000,"유아용의류 > 배냇저고리"
상품구분(해외통관),AGAI0000,"유아용의류 > 스커트"
상품구분(해외통관),AGAL0000,"유아용의류 > 바지"
상품구분(해외통관),AGAH0000,"유아용의류 > 원피스"
상품구분(해외통관),AGAQ0000,"유아용의류 > 바디슈트"
상품구분(해외통관),AGAV0000,"유아용의류 > 속싸개/겉싸개"
상품구분(해외통관),AGAE0000,"유아용의류 > 투피스"
상품구분(해외통관),AGAP0000,"유아용의류 > 신발"
상품구분(해외통관),AGASAE00,"유아용의류 > 언더웨어 > 런닝"
상품구분(해외통관),AGASAD00,"유아용의류 > 언더웨어 > 브라"
상품구분(해외통관),AGASAA00,"유아용의류 > 언더웨어 > 잠옷/홈웨어"
상품구분(해외통관),AGASAC00,"유아용의류 > 언더웨어 > 투피스"
상품구분(해외통관),AGASAB00,"유아용의류 > 언더웨어 > 팬티"
상품구분(해외통관),AGAU0000,"유아용의류 > 우비"
상품구분(해외통관),AGAT0000,"유아용의류 > 기타의류"
상품구분(해외통관),AGABAA00,"유아용의류 > 스포츠의류 > 운동복/트레이닝복"
상품구분(해외통관),AGABAD00,"유아용의류 > 스포츠의류 > 수영복"
상품구분(해외통관),AGABAE00,"유아용의류 > 스포츠의류 > 수영용품"
상품구분(해외통관),AGABAG00,"유아용의류 > 스포츠의류 > 발레복"
상품구분(해외통관),AGABAF00,"유아용의류 > 스포츠의류 > 발레용품"
상품구분(해외통관),AGABAH00,"유아용의류 > 스포츠의류 > 댄스복"
상품구분(해외통관),AGABAB00,"유아용의류 > 스포츠의류 > 스키복/보드복"
상품구분(해외통관),AGABAC00,"유아용의류 > 스포츠의류 > 스키/보드용품"
상품구분(해외통관),AGAO0000,"유아용의류 > 타이즈"
상품구분(해외통관),AHAK0000,"유아용잡화 > 모자"
상품구분(해외통관),AHAA0000,"유아용잡화 > 헤어액세서리"
상품구분(해외통관),AHAI0000,"유아용잡화 > 선글라스"
상품구분(해외통관),AHAN0000,"유아용잡화 > 귀마개"
상품구분(해외통관),AHAP0000,"유아용잡화 > 턱받이"
상품구분(해외통관),AHAH0000,"유아용잡화 > 숄/스카프/머플러"
상품구분(해외통관),AHAD0000,"유아용잡화 > 장갑"
상품구분(해외통관),AHAL0000,"유아용잡화 > 멜빵"
상품구분(해외통관),AHAJ0000,"유아용잡화 > 벨트"
상품구분(해외통관),AHAQ0000,"유아용잡화 > 손싸개/발싸개"
상품구분(해외통관),AHAB0000,"유아용잡화 > 토시"
상품구분(해외통관),AHAE0000,"유아용잡화 > 양말"
상품구분(해외통관),AHAS0000,"유아용잡화 > 액세서리"
상품구분(해외통관),AHAO0000,"유아용잡화 > 가방"
상품구분(해외통관),AHAC0000,"유아용잡화 > 지갑"
상품구분(해외통관),AHAG0000,"유아용잡화 > 시계"
상품구분(해외통관),AHAF0000,"유아용잡화 > 앞치마"
상품구분(해외통관),AHAT0000,"유아용잡화 > 우산"
상품구분(해외통관),AHAM0000,"유아용잡화 > 기타잡화"
상품구분(해외통관),AHAR0000,"유아용잡화 > 신생아용품세트"
상품구분(해외통관),AHAV0000,"유아용잡화 > 산모용품"
상품구분(해외통관),AHAWAD00,"유아용잡화 > 수유용품 > 노리개젖꼭지"
상품구분(해외통관),AHAWAE00,"유아용잡화 > 수유용품 > 젖병"
상품구분(해외통관),AHAWAG00,"유아용잡화 > 수유용품 > 젖병솔"
상품구분(해외통관),AHAWAH00,"유아용잡화 > 수유용품 > 젖병워머"
상품구분(해외통관),AHAWAA00,"유아용잡화 > 수유용품 > 유축기"
상품구분(해외통관),AHAWAB00,"유아용잡화 > 수유용품 > 수유쿠션"
상품구분(해외통관),AHAWAC00,"유아용잡화 > 수유용품 > 모유패드"
상품구분(해외통관),AHAWAF00,"유아용잡화 > 수유용품 > 소독기/건조대"
상품구분(해외통관),AHAWAI00,"유아용잡화 > 수유용품 > 유두보호기"
상품구분(해외통관),AHAWAJ00,"유아용잡화 > 수유용품 > 기타 수유용품"
상품구분(해외통관),AHAUAB00,"유아용잡화 > 육아용품 > 유모차"
상품구분(해외통관),AHAUAC00,"유아용잡화 > 육아용품 > 유모차용품"
상품구분(해외통관),AHAUAD00,"유아용잡화 > 육아용품 > 카시트"
상품구분(해외통관),AHAUAE00,"유아용잡화 > 육아용품 > 카시트용품"
상품구분(해외통관),AHAUAF00,"유아용잡화 > 육아용품 > 포대기/아기띠"
상품구분(해외통관),AHAUAG00,"유아용잡화 > 육아용품 > 힙시트"
상품구분(해외통관),AHAUAH00,"유아용잡화 > 육아용품 > 워머"
상품구분(해외통관),AHAUAI00,"유아용잡화 > 육아용품 > 보행기/점퍼루"
상품구분(해외통관),AHAUAJ00,"유아용잡화 > 육아용품 > 장난감"
상품구분(해외통관),AHAUAN00,"유아용잡화 > 육아용품 > 아기침대"
상품구분(해외통관),AHAUAL00,"유아용잡화 > 육아용품 > 아기의자"
상품구분(해외통관),AHAUAO00,"유아용잡화 > 육아용품 > 아기그네"
상품구분(해외통관),AHAUAM00,"유아용잡화 > 육아용품 > 아기변기"
상품구분(해외통관),AHAUAR00,"유아용잡화 > 육아용품 > 백일상/돌상"
상품구분(해외통관),AHAUAP00,"유아용잡화 > 육아용품 > 모서리보호대"
상품구분(해외통관),AHAUAQ00,"유아용잡화 > 육아용품 > 손끼임방지"
상품구분(해외통관),AHAUAK00,"유아용잡화 > 육아용품 > 코흡입기"
상품구분(해외통관),AHAUAA00,"유아용잡화 > 육아용품 > 기타 육아용품"
상품구분(해외통관),AIAAAA00,"화장품/향수/미용 > 기초제품 > 스킨/애프터쉐이브"
상품구분(해외통관),AIAAAG00,"화장품/향수/미용 > 기초제품 > 미스트"
상품구분(해외통관),AIAAAB00,"화장품/향수/미용 > 기초제품 > 로션"
상품구분(해외통관),AIAAAQ00,"화장품/향수/미용 > 기초제품 > 스킨로션겸용"
상품구분(해외통관),AIAAAC00,"화장품/향수/미용 > 기초제품 > 에센스/앰플/세럼"
상품구분(해외통관),AIAAAD00,"화장품/향수/미용 > 기초제품 > 크림"
상품구분(해외통관),AIAAAE00,"화장품/향수/미용 > 기초제품 > 마사지"
상품구분(해외통관),AIAAAF00,"화장품/향수/미용 > 기초제품 > 기초제품 세트"
상품구분(해외통관),AIAAAH00,"화장품/향수/미용 > 기초제품 > 립밤/립케어"
상품구분(해외통관),AIAAAI00,"화장품/향수/미용 > 기초제품 > 베이비오일"
상품구분(해외통관),AIAAAJ00,"화장품/향수/미용 > 기초제품 > 베이비파우더"
상품구분(해외통관),AIAAAK00,"화장품/향수/미용 > 기초제품 > 베이비로션"
상품구분(해외통관),AIAAAL00,"화장품/향수/미용 > 기초제품 > 핸드/풋크림"
상품구분(해외통관),AIAAAM00,"화장품/향수/미용 > 기초제품 > 블랙헤드/모공케어"
상품구분(해외통관),AIAAAN00,"화장품/향수/미용 > 기초제품 > 필링젤/각질케어"
상품구분(해외통관),AIAAAO00,"화장품/향수/미용 > 기초제품 > 페이스오일"
상품구분(해외통관),AIAAAP00,"화장품/향수/미용 > 기초제품 > 코스메디컬"
상품구분(해외통관),AIAH0000,"화장품/향수/미용 > 선크림/선블록"
상품구분(해외통관),AIAB0000,"화장품/향수/미용 > 베이스 메이크업"
상품구분(해외통관),AIAC0000,"화장품/향수/미용 > 클렌징"
상품구분(해외통관),AIAD0000,"화장품/향수/미용 > 팩/마스크"
상품구분(해외통관),AIAFAA00,"화장품/향수/미용 > 이미용/위생용품 > 뷰러/속눈썹/연장술"
상품구분(해외통관),AIAFAB00,"화장품/향수/미용 > 이미용/위생용품 > 헤나/타투/스티커"
상품구분(해외통관),AIAFAC00,"화장품/향수/미용 > 이미용/위생용품 > 렌즈 관리용품"
상품구분(해외통관),AIAFAE00,"화장품/향수/미용 > 이미용/위생용품 > 피부관리기"
상품구분(해외통관),AIAFAF00,"화장품/향수/미용 > 이미용/위생용품 > 피부마사지기"
상품구분(해외통관),AIAFAG00,"화장품/향수/미용 > 이미용/위생용품 > 다리마사지기"
상품구분(해외통관),AIAFAD00,"화장품/향수/미용 > 이미용/위생용품 > 화장품냉장고"
상품구분(해외통관),AIAG0000,"화장품/향수/미용 > 볼터치/하이라이터"
상품구분(해외통관),AIAEAD00,"화장품/향수/미용 > 색조메이크업 > 아이섀도우"
상품구분(해외통관),AIAEAE00,"화장품/향수/미용 > 색조메이크업 > 아이라이너"
상품구분(해외통관),AIAEAF00,"화장품/향수/미용 > 색조메이크업 > 마스카라"
상품구분(해외통관),AIAEAH00,"화장품/향수/미용 > 색조메이크업 > 아이브로우"
상품구분(해외통관),AIAEAB00,"화장품/향수/미용 > 색조메이크업 > 립스틱/립글로즈"
상품구분(해외통관),AIAEAC00,"화장품/향수/미용 > 색조메이크업 > 틴트"
상품구분(해외통관),AIAEAG00,"화장품/향수/미용 > 색조메이크업 > 메이크업세트"
상품구분(해외통관),AIAEAA00,"화장품/향수/미용 > 색조메이크업 > 기타"
상품구분(해외통관),AIAI0000,"화장품/향수/미용 > 네일아트"
상품구분(해외통관),AIAJAC00,"화장품/향수/미용 > 이미용소품 > 메이크업브러쉬/거울"
상품구분(해외통관),AIAJAD00,"화장품/향수/미용 > 이미용소품 > 수정가위/칼류"
상품구분(해외통관),AIAJAE00,"화장품/향수/미용 > 이미용소품 > 미용가위/헤어관리기"
상품구분(해외통관),AIAJAF00,"화장품/향수/미용 > 이미용소품 > 기름종이/화장솜"
상품구분(해외통관),AIAJAG00,"화장품/향수/미용 > 이미용소품 > 면봉"
상품구분(해외통관),AIAJAH00,"화장품/향수/미용 > 이미용소품 > 스펀지/퍼프"
상품구분(해외통관),AIAJAI00,"화장품/향수/미용 > 이미용소품 > 분통(파우더)"
상품구분(해외통관),AIAJAA00,"화장품/향수/미용 > 이미용소품 > 손톱관리용품"
상품구분(해외통관),AIAJAK00,"화장품/향수/미용 > 이미용소품 > 위생/생리용품"
상품구분(해외통관),AIAJAJ00,"화장품/향수/미용 > 이미용소품 > 이미용소품류"
상품구분(해외통관),AIAJAL00,"화장품/향수/미용 > 이미용소품 > 메이크업정리함/파우치"
상품구분(해외통관),AIAJAB00,"화장품/향수/미용 > 이미용소품 > 기타"
상품구분(해외통관),AIAK0000,"화장품/향수/미용 > 헤어용품"
상품구분(해외통관),AIAL0000,"화장품/향수/미용 > 향수"
상품구분(해외통관),AJAAAA00,"건강용품 > 건강용품 > 건강관리용품"
상품구분(해외통관),AJAAABAB,"건강용품 > 건강용품 > 건강측정기 > 체중계"
상품구분(해외통관),AJAAABAC,"건강용품 > 건강용품 > 건강측정기 > 체온계"
상품구분(해외통관),AJAAABAD,"건강용품 > 건강용품 > 건강측정기 > 혈압측정기"
상품구분(해외통관),AJAAABAE,"건강용품 > 건강용품 > 건강측정기 > 키/신장측정"
상품구분(해외통관),AJAAABAF,"건강용품 > 건강용품 > 건강측정기 > 심박측정기"
상품구분(해외통관),AJAAABAG,"건강용품 > 건강용품 > 건강측정기 > 만보기"
상품구분(해외통관),AJAAABAA,"건강용품 > 건강용품 > 건강측정기 > 기타 건강측정기"
상품구분(해외통관),AJAAAC00,"건강용품 > 건강용품 > 상비약품"
상품구분(해외통관),AJAAAD00,"건강용품 > 건강용품 > 수면용품"
상품구분(해외통관),AJAAAE00,"건강용품 > 건강용품 > 구급약품"
상품구분(해외통관),AJAAAF00,"건강용품 > 건강용품 > 구강용품"
상품구분(해외통관),AJAAAG00,"건강용품 > 건강용품 > 의료용품"
상품구분(해외통관),AJAAAH00,"건강용품 > 건강용품 > 성인용품"
상품구분(해외통관),AJAAAI00,"건강용품 > 건강용품 > 세정제"
상품구분(해외통관),AJAAAJ00,"건강용품 > 건강용품 > 마스크"
상품구분(해외통관),AJAAAK00,"건강용품 > 건강용품 > 안마기"
상품구분(해외통관),AJAAAL00,"건강용품 > 건강용품 > 기타용품"
상품구분(해외통관),AJABAA00,"건강용품 > 건강식품 > 건강보조식품"
상품구분(해외통관),AJABAB00,"건강용품 > 건강식품 > 영양제"
상품구분(해외통관),AJABAC00,"건강용품 > 건강식품 > 선식"
상품구분(해외통관),AJABAD00,"건강용품 > 건강식품 > 다이어트 음료"
상품구분(해외통관),AJABAE00,"건강용품 > 건강식품 > 기타용품"
상품구분(해외통관),AJACAA00,"건강용품 > 약품 > 알약"
상품구분(해외통관),AJACAB00,"건강용품 > 약품 > 가루약"
상품구분(해외통관),AJACAC00,"건강용품 > 약품 > 시럽약"
상품구분(해외통관),AJACAD00,"건강용품 > 약품 > 연고"
상품구분(해외통관),AJACAE00,"건강용품 > 약품 > 기타용품"
상품구분(해외통관),AJADAA00,"건강용품 > 보조용품 > 안경"
상품구분(해외통관),AJADAB00,"건강용품 > 보조용품 > 렌즈"
상품구분(해외통관),AJADAC00,"건강용품 > 보조용품 > 보청기"
상품구분(해외통관),AJADAD00,"건강용품 > 보조용품 > 휠체어"
상품구분(해외통관),AJADAE00,"건강용품 > 보조용품 > 지팡이"
상품구분(해외통관),AJADAF00,"건강용품 > 보조용품 > 교정기"
상품구분(해외통관),AJADAG00,"건강용품 > 보조용품 > 보호대"
상품구분(해외통관),AJADAH00,"건강용품 > 보조용품 > 기타용품"
상품구분(해외통관),AKAAAAAA,"스포츠/레저 > 수영 > 여성수영복 > 전신수영복"
상품구분(해외통관),AKAAAAAC,"스포츠/레저 > 수영 > 여성수영복 > 비키니 상의"
상품구분(해외통관),AKAAAAAD,"스포츠/레저 > 수영 > 여성수영복 > 비키니 하의"
상품구분(해외통관),AKAAAAAB,"스포츠/레저 > 수영 > 여성수영복 > 비키니 상하의세트"
상품구분(해외통관),AKAAAAAE,"스포츠/레저 > 수영 > 여성수영복 > 래시가드 상의"
상품구분(해외통관),AKAAAAAF,"스포츠/레저 > 수영 > 여성수영복 > 래시가드 하의"
상품구분(해외통관),AKAAAAAG,"스포츠/레저 > 수영 > 여성수영복 > 래시가드 상하의세트"
상품구분(해외통관),AKAAAAAH,"스포츠/레저 > 수영 > 여성수영복 > 반신수영복"
상품구분(해외통관),AKAAAFAA,"스포츠/레저 > 수영 > 남성수영복 > 전신수영복"
상품구분(해외통관),AKAAAFAB,"스포츠/레저 > 수영 > 남성수영복 > 반신수영복"
상품구분(해외통관),AKAAAFAC,"스포츠/레저 > 수영 > 남성수영복 > 수영복 하의"
상품구분(해외통관),AKAAAFAD,"스포츠/레저 > 수영 > 남성수영복 > 래시가드 상의"
상품구분(해외통관),AKAAAFAE,"스포츠/레저 > 수영 > 남성수영복 > 래시가드 하의"
상품구분(해외통관),AKAAAFAF,"스포츠/레저 > 수영 > 남성수영복 > 래시가드 상하의세트"
상품구분(해외통관),AKAAAC00,"스포츠/레저 > 수영 > 커플비치웨어"
상품구분(해외통관),AKAAADAC,"스포츠/레저 > 수영 > 여성비치웨어 > 상의"
상품구분(해외통관),AKAAADAB,"스포츠/레저 > 수영 > 여성비치웨어 > 하의"
상품구분(해외통관),AKAAADAD,"스포츠/레저 > 수영 > 여성비치웨어 > 스커트"
상품구분(해외통관),AKAAADAA,"스포츠/레저 > 수영 > 여성비치웨어 > 원피스"
상품구분(해외통관),AKAAAEAB,"스포츠/레저 > 수영 > 남성비치웨어 > 상의"
상품구분(해외통관),AKAAAEAA,"스포츠/레저 > 수영 > 남성비치웨어 > 하의"
상품구분(해외통관),AKAAABAA,"스포츠/레저 > 수영 > 수영용품 > 튜브"
상품구분(해외통관),AKAAABAB,"스포츠/레저 > 수영 > 수영용품 > 기타수영용품"
상품구분(해외통관),AKAAABAC,"스포츠/레저 > 수영 > 수영용품 > 오리발"
상품구분(해외통관),AKAAABAD,"스포츠/레저 > 수영 > 수영용품 > 스노클/마스크"
상품구분(해외통관),AKAAABAE,"스포츠/레저 > 수영 > 수영용품 > 수영모"
상품구분(해외통관),AKAAABAF,"스포츠/레저 > 수영 > 수영용품 > 수영가방"
상품구분(해외통관),AKAAABAG,"스포츠/레저 > 수영 > 수영용품 > 수경"
상품구분(해외통관),AKAAABAH,"스포츠/레저 > 수영 > 수영용품 > 보트"
상품구분(해외통관),AKAAABAI,"스포츠/레저 > 수영 > 수영용품 > 방수팩"
상품구분(해외통관),AKAAABAJ,"스포츠/레저 > 수영 > 수영용품 > 귀마개"
상품구분(해외통관),AKAAABAK,"스포츠/레저 > 수영 > 수영용품 > 구명조끼"
상품구분(해외통관),AKAAABAL,"스포츠/레저 > 수영 > 수영용품 > 풀장"
상품구분(해외통관),AKAAABAM,"스포츠/레저 > 수영 > 수영용품 > 펌프"
상품구분(해외통관),AKABAA00,"스포츠/레저 > 골프 > 골프채"
상품구분(해외통관),AKABAB00,"스포츠/레저 > 골프 > 골프공"
상품구분(해외통관),AKABAD00,"스포츠/레저 > 골프 > 골프화"
상품구분(해외통관),AKABAC00,"스포츠/레저 > 골프 > 기타골프용품"
상품구분(해외통관),AKACAA00,"스포츠/레저 > 헬스 > 헬스용품"
상품구분(해외통관),AKADAA00,"스포츠/레저 > 등산/낚시 > 등산용품"
상품구분(해외통관),AKAEAA00,"스포츠/레저 > 보드/스키 > 보드/스키용품"
상품구분(해외통관),AKAFAA00,"스포츠/레저 > 구기종목 > 공"
상품구분(해외통관),AKAFAB00,"스포츠/레저 > 구기종목 > 라켓/채"
상품구분(해외통관),AKAFAC00,"스포츠/레저 > 구기종목 > 기타 구기용품"
상품구분(해외통관),AKAGAA00,"스포츠/레저 > 격투기 > 격투기용품"
상품구분(해외통관),AKAHAA00,"스포츠/레저 > 캠핑 > 텐트/천막"
상품구분(해외통관),AKAHAB00,"스포츠/레저 > 캠핑 > 텐트/천막용 소품"
상품구분(해외통관),AKAHAC00,"스포츠/레저 > 캠핑 > 캠핑용 테이블"
상품구분(해외통관),AKAHAD00,"스포츠/레저 > 캠핑 > 캠핑용 의자"
상품구분(해외통관),AKAHAE00,"스포츠/레저 > 캠핑 > 해먹"
상품구분(해외통관),AKAHAF00,"스포츠/레저 > 캠핑 > 트레일러/웨건"
상품구분(해외통관),AKAHAG00,"스포츠/레저 > 캠핑 > 캠핑용 조리도구"
상품구분(해외통관),AKAHAH00,"스포츠/레저 > 캠핑 > 버너/토치"
상품구분(해외통관),AKAHAI00,"스포츠/레저 > 캠핑 > 바비큐용품"
상품구분(해외통관),AKAHAJ00,"스포츠/레저 > 캠핑 > 랜턴"
상품구분(해외통관),AKAHAK00,"스포츠/레저 > 캠핑 > 난로"
상품구분(해외통관),AKAHAL00,"스포츠/레저 > 캠핑 > 침낭/매트"
상품구분(해외통관),AKAHAM00,"스포츠/레저 > 캠핑 > 아이스박스"
상품구분(해외통관),AKAIAA00,"스포츠/레저 > 서바이벌게임 > 총"
상품구분(해외통관),AKAIAB00,"스포츠/레저 > 서바이벌게임 > 총알"
상품구분(해외통관),AKAIAC00,"스포츠/레저 > 서바이벌게임 > 서바이벌게임용품"
상품구분(해외통관),AKAJAA00,"스포츠/레저 > 스킨스쿠버 > 스킨스쿠버용품"
상품구분(해외통관),AKAKAA00,"스포츠/레저 > 스케이트 > 스케이트"
상품구분(해외통관),AKAKAB00,"스포츠/레저 > 스케이트 > 스케이트용품"
상품구분(해외통관),ALAAAA00,"가구/인테리어 > 홈데코 > 쿠션/방석"
상품구분(해외통관),ALAAAB00,"가구/인테리어 > 홈데코 > 커버/덮개류"
상품구분(해외통관),ALABAA00,"가구/인테리어 > 주방데코 > 주방장갑"
상품구분(해외통관),ALABAB00,"가구/인테리어 > 주방데코 > 의자덮개"
상품구분(해외통관),ALABAC00,"가구/인테리어 > 주방데코 > 앞치마"
상품구분(해외통관),ALABAD00,"가구/인테리어 > 주방데코 > 식탁보"
상품구분(해외통관),ALABAE00,"가구/인테리어 > 주방데코 > 기타주방데코"
상품구분(해외통관),ALACAB00,"가구/인테리어 > 커튼/블라인드 > 커튼/블라인드"
상품구분(해외통관),ALACAA00,"가구/인테리어 > 커튼/블라인드 > 방충망/모기장"
상품구분(해외통관),ALAD0000,"가구/인테리어 > 카페트/러그"
상품구분(해외통관),ALAEAAAA,"가구/인테리어 > 침실가구 > 화장대 > 화장품함"
상품구분(해외통관),ALAEAAAB,"가구/인테리어 > 침실가구 > 화장대 > 화장대의자"
상품구분(해외통관),ALAEAAAC,"가구/인테리어 > 침실가구 > 화장대 > 화장대"
상품구분(해외통관),ALAEAB00,"가구/인테리어 > 침실가구 > 협탁"
상품구분(해외통관),ALAEAC00,"가구/인테리어 > 침실가구 > 침실세트"
상품구분(해외통관),ALAEAD00,"가구/인테리어 > 침실가구 > 침대"
상품구분(해외통관),ALAEAE00,"가구/인테리어 > 침실가구 > 매트리스"
상품구분(해외통관),ALAEAF00,"가구/인테리어 > 침실가구 > 거울"
상품구분(해외통관),ALAEAG00,"가구/인테리어 > 침실가구 > 침실가구세트"
상품구분(해외통관),ALAEAH00,"가구/인테리어 > 침실가구 > 솜"
상품구분(해외통관),ALAFAA00,"가구/인테리어 > 수납가구 > 장롱/붙박이장"
상품구분(해외통관),ALAFAB00,"가구/인테리어 > 수납가구 > 행거"
상품구분(해외통관),ALAFAC00,"가구/인테리어 > 수납가구 > 수납장"
상품구분(해외통관),ALAFAD00,"가구/인테리어 > 수납가구 > 우산꽂이"
상품구분(해외통관),ALAFAE00,"가구/인테리어 > 수납가구 > 신발장"
상품구분(해외통관),ALAGAA00,"가구/인테리어 > 침구 > 침구세트"
상품구분(해외통관),ALAGAB00,"가구/인테리어 > 침구 > 침대커버"
상품구분(해외통관),ALAGAC00,"가구/인테리어 > 침구 > 이불/패드/담요"
상품구분(해외통관),ALAGAD00,"가구/인테리어 > 침구 > 전기매트커버"
상품구분(해외통관),ALAGAE00,"가구/인테리어 > 침구 > 베개/베개커버"
상품구분(해외통관),ALAGAF00,"가구/인테리어 > 침구 > 무릎담요"
상품구분(해외통관),ALAHAA00,"가구/인테리어 > 주방가구 > 주방수납장"
상품구분(해외통관),ALAHAB00,"가구/인테리어 > 주방가구 > 왜건/카트"
상품구분(해외통관),ALAHAC00,"가구/인테리어 > 주방가구 > 와인랙"
상품구분(해외통관),ALAHAD00,"가구/인테리어 > 주방가구 > 싱크대"
상품구분(해외통관),ALAHAE00,"가구/인테리어 > 주방가구 > 테이블의자세트"
상품구분(해외통관),ALAHAF00,"가구/인테리어 > 주방가구 > 테이블"
상품구분(해외통관),ALAHAG00,"가구/인테리어 > 주방가구 > 의자"
상품구분(해외통관),ALAHAH00,"가구/인테리어 > 주방가구 > 렌지대"
상품구분(해외통관),ALAHAI00,"가구/인테리어 > 주방가구 > 기타주방가구"
상품구분(해외통관),ALAHAJ00,"가구/인테리어 > 주방가구 > 그릇장/컵보드"
상품구분(해외통관),ALAIAA00,"가구/인테리어 > 인테리어소품 > 화병"
상품구분(해외통관),ALAIAB00,"가구/인테리어 > 인테리어소품 > 조명"
상품구분(해외통관),ALAIAC00,"가구/인테리어 > 인테리어소품 > 전통공예소품"
상품구분(해외통관),ALAIAD00,"가구/인테리어 > 인테리어소품 > 장식인형"
상품구분(해외통관),ALAIAE00,"가구/인테리어 > 인테리어소품 > 장식미니어쳐"
상품구분(해외통관),ALAIAF00,"가구/인테리어 > 인테리어소품 > 인테리어파티션"
상품구분(해외통관),ALAIAG00,"가구/인테리어 > 인테리어소품 > 인테리어창문"
상품구분(해외통관),ALAIAH00,"가구/인테리어 > 인테리어소품 > 인테리어분수"
상품구분(해외통관),ALAIAI00,"가구/인테리어 > 인테리어소품 > 인터폰박스"
상품구분(해외통관),ALAIAJ00,"가구/인테리어 > 인테리어소품 > 워터볼"
상품구분(해외통관),ALAIAK00,"가구/인테리어 > 인테리어소품 > 우체통"
상품구분(해외통관),ALAIAL00,"가구/인테리어 > 인테리어소품 > 오르골"
상품구분(해외통관),ALAIAM00,"가구/인테리어 > 인테리어소품 > 앤틱소품"
상품구분(해외통관),ALAIAN00,"가구/인테리어 > 인테리어소품 > 액자"
상품구분(해외통관),ALAIAO00,"가구/인테리어 > 인테리어소품 > 아로마/향초용품"
상품구분(해외통관),ALAIAP00,"가구/인테리어 > 인테리어소품 > 시계"
상품구분(해외통관),ALAIAQ00,"가구/인테리어 > 인테리어소품 > 기타소품"
상품구분(해외통관),ALAIAS00,"가구/인테리어 > 인테리어소품 > 미술품"
상품구분(해외통관),ALAJAA00,"가구/인테리어 > 아웃도어가구 > 파라솔"
상품구분(해외통관),ALAJAB00,"가구/인테리어 > 아웃도어가구 > 정자"
상품구분(해외통관),ALAJAC00,"가구/인테리어 > 아웃도어가구 > 그네"
상품구분(해외통관),ALAJAD00,"가구/인테리어 > 아웃도어가구 > 테이블"
상품구분(해외통관),ALAJAE00,"가구/인테리어 > 아웃도어가구 > 의자"
상품구분(해외통관),ALAJAF00,"가구/인테리어 > 아웃도어가구 > 기타아웃도어가구"
상품구분(해외통관),ALAKAA00,"가구/인테리어 > 사무용가구 > 책장"
상품구분(해외통관),ALAKAB00,"가구/인테리어 > 사무용가구 > 책상의자세트"
상품구분(해외통관),ALAKAC00,"가구/인테리어 > 사무용가구 > 의자"
상품구분(해외통관),ALAKAD00,"가구/인테리어 > 사무용가구 > 책상"
상품구분(해외통관),ALAKAE00,"가구/인테리어 > 사무용가구 > 책상소품"
상품구분(해외통관),ALAKAF00,"가구/인테리어 > 사무용가구 > 의자소품"
상품구분(해외통관),ALAKAG00,"가구/인테리어 > 사무용가구 > 테이블"
상품구분(해외통관),ALAKAH00,"가구/인테리어 > 사무용가구 > 파티션"
상품구분(해외통관),ALAKAI00,"가구/인테리어 > 사무용가구 > 사무용수납가구"
상품구분(해외통관),ALAKAJ00,"가구/인테리어 > 사무용가구 > 기타 사무가구"
상품구분(해외통관),ALAKAK00,"가구/인테리어 > 사무용가구 > 사무용가구소품"
상품구분(해외통관),ALALAA00,"가구/인테리어 > 거실가구 > 소파"
상품구분(해외통관),ALALAB00,"가구/인테리어 > 거실가구 > 테이블"
상품구분(해외통관),ALALAC00,"가구/인테리어 > 거실가구 > 장식장"
상품구분(해외통관),ALALAD00,"가구/인테리어 > 거실가구 > TV거실장"
상품구분(해외통관),ALAMAA00,"가구/인테리어 > 수예 > 퀼트용품"
상품구분(해외통관),ALAMAB00,"가구/인테리어 > 수예 > 원단"
상품구분(해외통관),ALAMAC00,"가구/인테리어 > 수예 > 십자수용품"
상품구분(해외통관),ALAMAD00,"가구/인테리어 > 수예 > 수예용품/부자재"
상품구분(해외통관),ALAMAE00,"가구/인테리어 > 수예 > 뜨개질용품"
상품구분(해외통관),ALAMAF00,"가구/인테리어 > 수예 > 실"
상품구분(해외통관),ALAMAG00,"가구/인테리어 > 수예 > 바늘"
상품구분(해외통관),ALANAA00,"가구/인테리어 > DIY자재/용품 > 패널"
상품구분(해외통관),ALANAB00,"가구/인테리어 > DIY자재/용품 > 파벽돌"
상품구분(해외통관),ALANAC00,"가구/인테리어 > DIY자재/용품 > 타일"
상품구분(해외통관),ALANAD00,"가구/인테리어 > DIY자재/용품 > 접착제/보수용품"
상품구분(해외통관),ALANAE00,"가구/인테리어 > DIY자재/용품 > 시트지"
상품구분(해외통관),ALANAF00,"가구/인테리어 > DIY자재/용품 > 손잡이"
상품구분(해외통관),ALANAG00,"가구/인테리어 > DIY자재/용품 > 벽지"
상품구분(해외통관),ALANAH00,"가구/인테리어 > DIY자재/용품 > 반제품"
상품구분(해외통관),ALANAI00,"가구/인테리어 > DIY자재/용품 > 바닥재"
상품구분(해외통관),ALANAJ00,"가구/인테리어 > DIY자재/용품 > 몰딩"
상품구분(해외통관),ALANAK00,"가구/인테리어 > DIY자재/용품 > 목재"
상품구분(해외통관),ALANAL00,"가구/인테리어 > DIY자재/용품 > 데코스티커"
상품구분(해외통관),ALANAMAA,"가구/인테리어 > DIY자재/용품 > 가구부속품 > 소켓/옷걸이봉"
상품구분(해외통관),ALANAMAB,"가구/인테리어 > DIY자재/용품 > 가구부속품 > 서랍레일"
상품구분(해외통관),ALANAMAC,"가구/인테리어 > DIY자재/용품 > 가구부속품 > 로프/철망"
상품구분(해외통관),ALANAMAD,"가구/인테리어 > DIY자재/용품 > 가구부속품 > 나사/못"
상품구분(해외통관),ALANAMAE,"가구/인테리어 > DIY자재/용품 > 가구부속품 > 기타가구부속품"
상품구분(해외통관),ALANAMAF,"가구/인테리어 > DIY자재/용품 > 가구부속품 > 경첩/꺽쇠/자석철물류"
상품구분(해외통관),ALANAMAG,"가구/인테리어 > DIY자재/용품 > 가구부속품 > 가구바퀴"
상품구분(해외통관),ALANAMAH,"가구/인테리어 > DIY자재/용품 > 가구부속품 > 가구다리"
상품구분(해외통관),AMAAAA00,"전자제품 > 컴퓨터 > 본체"
상품구분(해외통관),AMAAAB00,"전자제품 > 컴퓨터 > 모니터"
상품구분(해외통관),AMAAAC00,"전자제품 > 컴퓨터 > 키보드"
상품구분(해외통관),AMAAAD00,"전자제품 > 컴퓨터 > 마우스"
상품구분(해외통관),AMAAAE00,"전자제품 > 컴퓨터 > 스피커"
상품구분(해외통관),AMAAAF00,"전자제품 > 컴퓨터 > 프린터"
상품구분(해외통관),AMAAAG00,"전자제품 > 컴퓨터 > 복합기"
상품구분(해외통관),AMAAAH00,"전자제품 > 컴퓨터 > 잉크/토너"
상품구분(해외통관),AMAAAI00,"전자제품 > 컴퓨터 > CD/DVD"
상품구분(해외통관),AMAAAJ00,"전자제품 > 컴퓨터 > 블루레이"
상품구분(해외통관),AMAAAK00,"전자제품 > 컴퓨터 > USB"
상품구분(해외통관),AMAAAL00,"전자제품 > 컴퓨터 > 외장하드"
상품구분(해외통관),AMAAAM00,"전자제품 > 컴퓨터 > 노트북"
상품구분(해외통관),AMAAAN00,"전자제품 > 컴퓨터 > 배터리/충전기"
상품구분(해외통관),AMAAAO00,"전자제품 > 컴퓨터 > 케이블"
상품구분(해외통관),AMAAAP00,"전자제품 > 컴퓨터 > PC부품"
상품구분(해외통관),AMAAAQ00,"전자제품 > 컴퓨터 > 기타용품"
상품구분(해외통관),AMABAA00,"전자제품 > 휴대폰 > 태블릿PC"
상품구분(해외통관),AMABAB00,"전자제품 > 휴대폰 > 휴대폰"
상품구분(해외통관),AMABAC00,"전자제품 > 휴대폰 > PDA"
상품구분(해외통관),AMABAD00,"전자제품 > 휴대폰 > 스마트와치"
상품구분(해외통관),AMABAE00,"전자제품 > 휴대폰 > 배터리/충전기"
상품구분(해외통관),AMABAF00,"전자제품 > 휴대폰 > 젠더"
상품구분(해외통관),AMABAG00,"전자제품 > 휴대폰 > 케이블"
상품구분(해외통관),AMABAH00,"전자제품 > 휴대폰 > 기타용품"
상품구분(해외통관),AMACAA00,"전자제품 > 카메라 > 디지털카메라"
상품구분(해외통관),AMACAB00,"전자제품 > 카메라 > 캠코더"
상품구분(해외통관),AMACAC00,"전자제품 > 카메라 > DSLR"
상품구분(해외통관),AMACAD00,"전자제품 > 카메라 > 즉석카메라"
상품구분(해외통관),AMACAE00,"전자제품 > 카메라 > 필름카메라"
상품구분(해외통관),AMACAF00,"전자제품 > 카메라 > 렌즈"
상품구분(해외통관),AMACAG00,"전자제품 > 카메라 > 메모리카드"
상품구분(해외통관),AMACAH00,"전자제품 > 카메라 > 필름"
상품구분(해외통관),AMACAI00,"전자제품 > 카메라 > 배터리/충전기"
상품구분(해외통관),AMACAJ00,"전자제품 > 카메라 > 촬영보조용품"
상품구분(해외통관),AMACAK00,"전자제품 > 카메라 > 기타용품"
상품구분(해외통관),AMADAA00,"전자제품 > 주방가전 > 냉장고"
상품구분(해외통관),AMADAB00,"전자제품 > 주방가전 > 가스레인지"
상품구분(해외통관),AMADAC00,"전자제품 > 주방가전 > 전자레인지"
상품구분(해외통관),AMADAD00,"전자제품 > 주방가전 > 그릴"
상품구분(해외통관),AMADAE00,"전자제품 > 주방가전 > 밥솥"
상품구분(해외통관),AMADAF00,"전자제품 > 주방가전 > 오븐"
상품구분(해외통관),AMADAG00,"전자제품 > 주방가전 > 후드"
상품구분(해외통관),AMADAH00,"전자제품 > 주방가전 > 전기포트"
상품구분(해외통관),AMADAI00,"전자제품 > 주방가전 > 정수기"
상품구분(해외통관),AMADAJ00,"전자제품 > 주방가전 > 믹서기"
상품구분(해외통관),AMADAK00,"전자제품 > 주방가전 > 토스터기"
상품구분(해외통관),AMADAL00,"전자제품 > 주방가전 > 식기세척기"
상품구분(해외통관),AMADAM00,"전자제품 > 주방가전 > 전기후라이팬"
상품구분(해외통관),AMADAN00,"전자제품 > 주방가전 > 전기찜기"
상품구분(해외통관),AMADAO00,"전자제품 > 주방가전 > 제빙기"
상품구분(해외통관),AMADAP00,"전자제품 > 주방가전 > 기타용품"
상품구분(해외통관),AMAEAA00,"전자제품 > 생활가전 > 냉방가전"
상품구분(해외통관),AMAEAB00,"전자제품 > 생활가전 > 난방가전"
상품구분(해외통관),AMAEAC00,"전자제품 > 생활가전 > 세탁기"
상품구분(해외통관),AMAEAD00,"전자제품 > 생활가전 > 청소기"
상품구분(해외통관),AMAEAE00,"전자제품 > 생활가전 > 다리미"
상품구분(해외통관),AMAEAF00,"전자제품 > 생활가전 > 전화기"
상품구분(해외통관),AMAEAG00,"전자제품 > 생활가전 > 재봉틀"
상품구분(해외통관),AMAEAH00,"전자제품 > 생활가전 > 연수기"
상품구분(해외통관),AMAEAI00,"전자제품 > 생활가전 > 전동칫솔"
상품구분(해외통관),AMAEAJ00,"전자제품 > 생활가전 > 비데"
상품구분(해외통관),AMAEAK00,"전자제품 > 생활가전 > 계산기"
상품구분(해외통관),AMAEAL00,"전자제품 > 생활가전 > 기타용품"
상품구분(해외통관),AMAFAA00,"전자제품 > 미디어 > TV"
상품구분(해외통관),AMAFAB00,"전자제품 > 미디어 > DVD플레이어"
상품구분(해외통관),AMAFAC00,"전자제품 > 미디어 > 블루레이플레이어"
상품구분(해외통관),AMAFAD00,"전자제품 > 미디어 > 빔프로젝트"
상품구분(해외통관),AMAFAE00,"전자제품 > 미디어 > 셋톱박스"
상품구분(해외통관),AMAFAF00,"전자제품 > 미디어 > MP3"
상품구분(해외통관),AMAFAG00,"전자제품 > 미디어 > PMP"
상품구분(해외통관),AMAFAH00,"전자제품 > 미디어 > 오디오"
상품구분(해외통관),AMAFAI00,"전자제품 > 미디어 > 라디오"
상품구분(해외통관),AMAFAJ00,"전자제품 > 미디어 > 스피커"
상품구분(해외통관),AMAFAK00,"전자제품 > 미디어 > 마이크"
상품구분(해외통관),AMAFAL00,"전자제품 > 미디어 > 이어폰"
상품구분(해외통관),AMAFAM00,"전자제품 > 미디어 > 헤드폰"
상품구분(해외통관),AMAFAN00,"전자제품 > 미디어 > 녹음기"
상품구분(해외통관),AMAFAO00,"전자제품 > 미디어 > 홈시어터"
상품구분(해외통관),AMAFAP00,"전자제품 > 미디어 > 게임기"
상품구분(해외통관),AMAFAQ00,"전자제품 > 미디어 > 음향케이블"
상품구분(해외통관),AMAFAR00,"전자제품 > 미디어 > 기타용품"
상품구분(해외통관),ANAAAA00,"도서/음반 > 도서 > 도서"
상품구분(해외통관),ANAAAB00,"도서/음반 > 도서 > 전자사전"
상품구분(해외통관),ANAAAC00,"도서/음반 > 도서 > 전자책"
상품구분(해외통관),ANAAAD00,"도서/음반 > 도서 > 기타용품"
상품구분(해외통관),ANABAA00,"도서/음반 > 음반/비디오 > 음반"
상품구분(해외통관),ANABAB00,"도서/음반 > 음반/비디오 > 비디오"
상품구분(해외통관),ANABAC00,"도서/음반 > 음반/비디오 > 기타용품"
상품구분(해외통관),AOAAAA00,"생활용품 > 주방용품 > 냄비"
상품구분(해외통관),AOAAAB00,"생활용품 > 주방용품 > 후라이팬"
상품구분(해외통관),AOAAAC00,"생활용품 > 주방용품 > 솥"
상품구분(해외통관),AOAAAD00,"생활용품 > 주방용품 > 주전자"
상품구분(해외통관),AOAAAE00,"생활용품 > 주방용품 > 컵"
상품구분(해외통관),AOAAAF00,"생활용품 > 주방용품 > 유리잔"
상품구분(해외통관),AOAAAG00,"생활용품 > 주방용품 > 물병"
상품구분(해외통관),AOAAAH00,"생활용품 > 주방용품 > 수저"
상품구분(해외통관),AOAAAI00,"생활용품 > 주방용품 > 식기"
상품구분(해외통관),AOAAAJ00,"생활용품 > 주방용품 > 집게"
상품구분(해외통관),AOAAAK00,"생활용품 > 주방용품 > 쥬서/착즙기"
상품구분(해외통관),AOAAAL00,"생활용품 > 주방용품 > 밀폐용기"
상품구분(해외통관),AOAAAM00,"생활용품 > 주방용품 > 보온/보냉용품"
상품구분(해외통관),AOAAAN00,"생활용품 > 주방용품 > 식기건조대"
상품구분(해외통관),AOAAAO00,"생활용품 > 주방용품 > 칼"
상품구분(해외통관),AOAAAP00,"생활용품 > 주방용품 > 제과제빵용품"
상품구분(해외통관),AOAAAQ00,"생활용품 > 주방용품 > 제수용품"
상품구분(해외통관),AOAAAR00,"생활용품 > 주방용품 > 와인용품"
상품구분(해외통관),AOAAAS00,"생활용품 > 주방용품 > 커피용품"
상품구분(해외통관),AOAAAT00,"생활용품 > 주방용품 > 조리기구"
상품구분(해외통관),AOAAAU00,"생활용품 > 주방용품 > 스토퍼(타이머)"
상품구분(해외통관),AOAAAV00,"생활용품 > 주방용품 > 위생랩"
상품구분(해외통관),AOAAAW00,"생활용품 > 주방용품 > 지퍼백"
상품구분(해외통관),AOAAAX00,"생활용품 > 주방용품 > 호일"
상품구분(해외통관),AOAAAY00,"생활용품 > 주방용품 > 비닐봉투/비닐팩"
상품구분(해외통관),AOAAAZ00,"생활용품 > 주방용품 > 쓰레기봉투"
상품구분(해외통관),AOAABA00,"생활용품 > 주방용품 > 수세미/스펀지"
상품구분(해외통관),AOAABB00,"생활용품 > 주방용품 > 위생장갑"
상품구분(해외통관),AOAABC00,"생활용품 > 주방용품 > 행주"
상품구분(해외통관),AOAABD00,"생활용품 > 주방용품 > 기타용품"
상품구분(해외통관),AOABAA00,"생활용품 > 욕실용품 > 헤어용품"
상품구분(해외통관),AOABAB00,"생활용품 > 욕실용품 > 바디용품"
상품구분(해외통관),AOABAC00,"생활용품 > 욕실용품 > 청결제"
상품구분(해외통관),AOABAD00,"생활용품 > 욕실용품 > 면도용품"
상품구분(해외통관),AOABAE00,"생활용품 > 욕실용품 > 슬리퍼"
상품구분(해외통관),AOABAF00,"생활용품 > 욕실용품 > 미끄럼방지"
상품구분(해외통관),AOABAG00,"생활용품 > 욕실용품 > 세면대"
상품구분(해외통관),AOABAH00,"생활용품 > 욕실용품 > 욕조"
상품구분(해외통관),AOABAI00,"생활용품 > 욕실용품 > 변기"
상품구분(해외통관),AOABAJ00,"생활용품 > 욕실용품 > 변기 커버"
상품구분(해외통관),AOABAK00,"생활용품 > 욕실용품 > 비데"
상품구분(해외통관),AOABAL00,"생활용품 > 욕실용품 > 찬장"
상품구분(해외통관),AOABAM00,"생활용품 > 욕실용품 > 대야"
상품구분(해외통관),AOABAN00,"생활용품 > 욕실용품 > 기타용품"
상품구분(해외통관),AOABAO00,"생활용품 > 욕실용품 > 칫솔"
상품구분(해외통관),AOABAP00,"생활용품 > 욕실용품 > 치실"
상품구분(해외통관),AOABAQ00,"생활용품 > 욕실용품 > 혀클리너"
상품구분(해외통관),AOABAR00,"생활용품 > 욕실용품 > 수건"
상품구분(해외통관),AOABAS00,"생활용품 > 욕실용품 > 비누"
상품구분(해외통관),AOABAT00,"생활용품 > 욕실용품 > 세면용품세트"
상품구분(해외통관),AOABAU00,"생활용품 > 욕실용품 > 기타세면용품"
상품구분(해외통관),AOACAA00,"생활용품 > 일회용품 > 휴지"
상품구분(해외통관),AOACAB00,"생활용품 > 일회용품 > 티슈"
상품구분(해외통관),AOACAC00,"생활용품 > 일회용품 > 물티슈"
상품구분(해외통관),AOACAD00,"생활용품 > 일회용품 > 기능성티슈"
상품구분(해외통관),AOACAE00,"생활용품 > 일회용품 > 생리대"
상품구분(해외통관),AOACAF00,"생활용품 > 일회용품 > 팬티라이너"
상품구분(해외통관),AOACAG00,"생활용품 > 일회용품 > 기저귀"
상품구분(해외통관),AOACAH00,"생활용품 > 일회용품 > 일회용식기"
상품구분(해외통관),AOACAI00,"생활용품 > 일회용품 > 일회용수저"
상품구분(해외통관),AOACAJ00,"생활용품 > 일회용품 > 나무젓가락"
상품구분(해외통관),AOACAK00,"생활용품 > 일회용품 > 빨대"
상품구분(해외통관),AOACAL00,"생활용품 > 일회용품 > 이쑤시개"
상품구분(해외통관),AOACAM00,"생활용품 > 일회용품 > 종이컵"
상품구분(해외통관),AOACAN00,"생활용품 > 일회용품 > 종이컵홀더"
상품구분(해외통관),AOACAO00,"생활용품 > 일회용품 > 부탄가스"
상품구분(해외통관),AOACAP00,"생활용품 > 일회용품 > 기타용품"
상품구분(해외통관),AOADAA00,"생활용품 > 청소/빨래용품 > 세제"
상품구분(해외통관),AOADAB00,"생활용품 > 청소/빨래용품 > 섬유유연제"
상품구분(해외통관),AOADAC00,"생활용품 > 청소/빨래용품 > 비누"
상품구분(해외통관),AOADAD00,"생활용품 > 청소/빨래용품 > 고무장갑"
상품구분(해외통관),AOADAE00,"생활용품 > 청소/빨래용품 > 빨래판"
상품구분(해외통관),AOADAF00,"생활용품 > 청소/빨래용품 > 방향제"
상품구분(해외통관),AOADAG00,"생활용품 > 청소/빨래용품 > 제습제"
상품구분(해외통관),AOADAH00,"생활용품 > 청소/빨래용품 > 탈취제"
상품구분(해외통관),AOADAI00,"생활용품 > 청소/빨래용품 > 세정제"
상품구분(해외통관),AOADAJ00,"생활용품 > 청소/빨래용품 > 다리미판"
상품구분(해외통관),AOADAK00,"생활용품 > 청소/빨래용품 > 솔/브러쉬"
상품구분(해외통관),AOADAL00,"생활용품 > 청소/빨래용품 > 기타용품"
상품구분(해외통관),AOAEAA00,"생활용품 > 기타 생활잡화 > 정리함"
상품구분(해외통관),AOAEAB00,"생활용품 > 기타 생활잡화 > 도어락"
상품구분(해외통관),AOAEAC00,"생활용품 > 기타 생활잡화 > 방한용품"
상품구분(해외통관),AOAEAD00,"생활용품 > 기타 생활잡화 > 방충용품"
상품구분(해외통관),AOAEAE00,"생활용품 > 기타 생활잡화 > 매트/돗자리"
상품구분(해외통관),AOAEAF00,"생활용품 > 기타 생활잡화 > 우산/양산"
상품구분(해외통관),AOAEAG00,"생활용품 > 기타 생활잡화 > 실내화"
상품구분(해외통관),AOAEAH00,"생활용품 > 기타 생활잡화 > 옷걸이"
상품구분(해외통관),AOAEAI00,"생활용품 > 기타 생활잡화 > 쓰레기통"
상품구분(해외통관),AOAEAJ00,"생활용품 > 기타 생활잡화 > 반짇고리"
상품구분(해외통관),AOAEAN00,"생활용품 > 기타 생활잡화 > 손거울"
상품구분(해외통관),AOAEAK00,"생활용품 > 기타 생활잡화 > 방수팩"
상품구분(해외통관),AOAEAL00,"생활용품 > 기타 생활잡화 > 제설제"
상품구분(해외통관),AOAEAM00,"생활용품 > 기타 생활잡화 > 기타용품"
상품구분(해외통관),APAAAA00,"식품 > 가공전 > 육류"
상품구분(해외통관),APAAAB00,"식품 > 가공전 > 채소류"
상품구분(해외통관),APAAAC00,"식품 > 가공전 > 곡물류"
상품구분(해외통관),APAAAD00,"식품 > 가공전 > 해산물"
상품구분(해외통관),APAAAE00,"식품 > 가공전 > 견과류"
상품구분(해외통관),APAAAF00,"식품 > 가공전 > 해초류"
상품구분(해외통관),APAAAG00,"식품 > 가공전 > 기타식품"
상품구분(해외통관),APABAA00,"식품 > 음료 > 물"
상품구분(해외통관),APABAB00,"식품 > 음료 > 차"
상품구분(해외통관),APABAC00,"식품 > 음료 > 주스"
상품구분(해외통관),APABAD00,"식품 > 음료 > 탄산음료"
상품구분(해외통관),APABAE00,"식품 > 음료 > 커피"
상품구분(해외통관),APABAF00,"식품 > 음료 > 주류"
상품구분(해외통관),APABAG00,"식품 > 음료 > 코코아"
상품구분(해외통관),APABAH00,"식품 > 음료 > 빙수"
상품구분(해외통관),APABAI00,"식품 > 음료 > 우유"
상품구분(해외통관),APABAJ00,"식품 > 음료 > 유제품"
상품구분(해외통관),APABAK00,"식품 > 음료 > 두유"
상품구분(해외통관),APABAL00,"식품 > 음료 > 기타음료"
상품구분(해외통관),APABAM00,"식품 > 음료 > 기타식품"
상품구분(해외통관),APACAA00,"식품 > 조리식품 > 국"
상품구분(해외통관),APACAB00,"식품 > 조리식품 > 김치"
상품구분(해외통관),APACAC00,"식품 > 조리식품 > 젓갈"
상품구분(해외통관),APACAD00,"식품 > 조리식품 > 반찬류"
상품구분(해외통관),APACAE00,"식품 > 조리식품 > 발효식품"
상품구분(해외통관),APACAF00,"식품 > 조리식품 > 이유식"
상품구분(해외통관),APACAG00,"식품 > 조리식품 > 떡/한과"
상품구분(해외통관),APACAH00,"식품 > 조리식품 > 빵"
상품구분(해외통관),APACAI00,"식품 > 조리식품 > 기타식품"
상품구분(해외통관),APADAA00,"식품 > 가공식품 > 소시지"
상품구분(해외통관),APADAB00,"식품 > 가공식품 > 건식품"
상품구분(해외통관),APADAC00,"식품 > 가공식품 > 냉동식품"
상품구분(해외통관),APADAD00,"식품 > 가공식품 > 간편조리식품"
상품구분(해외통관),APADAE00,"식품 > 가공식품 > 통조림"
상품구분(해외통관),APADAF00,"식품 > 가공식품 > 과자"
상품구분(해외통관),APADAG00,"식품 > 가공식품 > 초콜릿/사탕/껌"
상품구분(해외통관),APADAH00,"식품 > 가공식품 > 기타식품"
상품구분(해외통관),APAEAA00,"식품 > 양념/조미료 > 소금"
상품구분(해외통관),APAEAB00,"식품 > 양념/조미료 > 설탕"
상품구분(해외통관),APAEAC00,"식품 > 양념/조미료 > 기름"
상품구분(해외통관),APAEAD00,"식품 > 양념/조미료 > 식초"
상품구분(해외통관),APAEAE00,"식품 > 양념/조미료 > 된장"
상품구분(해외통관),APAEAF00,"식품 > 양념/조미료 > 간장"
상품구분(해외통관),APAEAG00,"식품 > 양념/조미료 > 고추장"
상품구분(해외통관),APAEAH00,"식품 > 양념/조미료 > 드레싱"
상품구분(해외통관),APAEAI00,"식품 > 양념/조미료 > 기타식품"
상품구분(해외통관),APAFAA00,"식품 > 기타식품 > 이유식"
상품구분(해외통관),APAFAB00,"식품 > 기타식품 > 분유"
상품구분(해외통관),APAFAC00,"식품 > 기타식품 > 식재료"
상품구분(해외통관),APAFAD00,"식품 > 기타식품 > 기타식품"
상품구분(해외통관),AQAAAA00,"자동차 > 자동차 > 자동차"
상품구분(해외통관),AQAAAB00,"자동차 > 자동차 > 오토바이"
상품구분(해외통관),AQAAAC00,"자동차 > 자동차 > 기타 자동차"
상품구분(해외통관),AQABAA00,"자동차 > 자동차용품 > 내비게이션"
상품구분(해외통관),AQABAB00,"자동차 > 자동차용품 > 내비게이션용품"
상품구분(해외통관),AQABAC00,"자동차 > 자동차용품 > 하이패스"
상품구분(해외통관),AQABAD00,"자동차 > 자동차용품 > 하이패스용품"
상품구분(해외통관),AQABAE00,"자동차 > 자동차용품 > 블랙박스"
상품구분(해외통관),AQABAF00,"자동차 > 자동차용품 > 블랙박스용품"
상품구분(해외통관),AQABAG00,"자동차 > 자동차용품 > 세차용품"
상품구분(해외통관),AQABAH00,"자동차 > 자동차용품 > 유리발수코팅제"
상품구분(해외통관),AQABAI00,"자동차 > 자동차용품 > 김서림방지제"
상품구분(해외통관),AQABAJ00,"자동차 > 자동차용품 > 선팅필름/용품"
상품구분(해외통관),AQABAK00,"자동차 > 자동차용품 > 워셔액"
상품구분(해외통관),AQABAL00,"자동차 > 자동차용품 > 엔진오일"
상품구분(해외통관),AQABAM00,"자동차 > 자동차용품 > 냉각수"
상품구분(해외통관),AQABAN00,"자동차 > 자동차용품 > 부동액"
상품구분(해외통관),AQABAO00,"자동차 > 자동차용품 > 타이어"
상품구분(해외통관),AQABAP00,"자동차 > 자동차용품 > 자동차 부품"
상품구분(해외통관),AQABAQ00,"자동차 > 자동차용품 > 파워핸들"
상품구분(해외통관),AQABAR00,"자동차 > 자동차용품 > 와이퍼"
상품구분(해외통관),AQABAS00,"자동차 > 자동차용품 > 안테나"
상품구분(해외통관),AQABAT00,"자동차 > 자동차용품 > 룸미러/백미러"
상품구분(해외통관),AQABAU00,"자동차 > 자동차용품 > 헬멧/보호대"
상품구분(해외통관),AQABAV00,"자동차 > 자동차용품 > 충전기/거치대"
상품구분(해외통관),AQABAW00,"자동차 > 자동차용품 > 차량용 캐리어"
상품구분(해외통관),AQABAX00,"자동차 > 자동차용품 > 전화번호 안내판"
상품구분(해외통관),AQABAY00,"자동차 > 자동차용품 > 차량용 스티커"
상품구분(해외통관),AQABAZ00,"자동차 > 자동차용품 > 카매트"
상품구분(해외통관),AQABBA00,"자동차 > 자동차용품 > 핸들/기어커버"
상품구분(해외통관),AQABBB00,"자동차 > 자동차용품 > 매트/시트"
상품구분(해외통관),AQABBC00,"자동차 > 자동차용품 > 트렁크정리함"
상품구분(해외통관),AQABBD00,"자동차 > 자동차용품 > 광택용품"
상품구분(해외통관),AQABBE00,"자동차 > 자동차용품 > 기타용품"
상품구분(해외통관),ARAAAA00,"문구/완구/취미 > 사무용품 > 사무용품"
상품구분(해외통관),ARAAAB00,"문구/완구/취미 > 사무용품 > 소품"
상품구분(해외통관),ARAAAC00,"문구/완구/취미 > 사무용품 > 인쇄용지"
상품구분(해외통관),ARAAAD00,"문구/완구/취미 > 사무용품 > 화방용품"
상품구분(해외통관),ARAAAE00,"문구/완구/취미 > 사무용품 > 박스/포장재"
상품구분(해외통관),ARAAAF00,"문구/완구/취미 > 사무용품 > 보드"
상품구분(해외통관),ARAAAG00,"문구/완구/취미 > 사무용품 > 사무용기기"
상품구분(해외통관),ARAAAH00,"문구/완구/취미 > 사무용품 > 기타용품"
상품구분(해외통관),ARABAA00,"문구/완구/취미 > 문구용품 > 필기구"
상품구분(해외통관),ARABAB00,"문구/완구/취미 > 문구용품 > 필통"
상품구분(해외통관),ARABAC00,"문구/완구/취미 > 문구용품 > 노트"
상품구분(해외통관),ARABAD00,"문구/완구/취미 > 문구용품 > 메모지/포스트잇"
상품구분(해외통관),ARABAE00,"문구/완구/취미 > 문구용품 > 편지/카드/봉투"
상품구분(해외통관),ARABAF00,"문구/완구/취미 > 문구용품 > 다이어리/캘린더"
상품구분(해외통관),ARABAG00,"문구/완구/취미 > 문구용품 > 자"
상품구분(해외통관),ARABAH00,"문구/완구/취미 > 문구용품 > 커터칼"
상품구분(해외통관),ARABAI00,"문구/완구/취미 > 문구용품 > 가위"
상품구분(해외통관),ARABAJ00,"문구/완구/취미 > 문구용품 > 접착제"
상품구분(해외통관),ARABAK00,"문구/완구/취미 > 문구용품 > 스테이플러"
상품구분(해외통관),ARABAL00,"문구/완구/취미 > 문구용품 > 펀치"
상품구분(해외통관),ARABAM00,"문구/완구/취미 > 문구용품 > 도장/스탬프"
상품구분(해외통관),ARABAN00,"문구/완구/취미 > 문구용품 > 인주"
상품구분(해외통관),ARABAO00,"문구/완구/취미 > 문구용품 > 명찰"
상품구분(해외통관),ARABAP00,"문구/완구/취미 > 문구용품 > 스티커"
상품구분(해외통관),ARABAQ00,"문구/완구/취미 > 문구용품 > 파일"
상품구분(해외통관),ARABAR00,"문구/완구/취미 > 문구용품 > 종이류"
상품구분(해외통관),ARABAS00,"문구/완구/취미 > 문구용품 > 앨범"
상품구분(해외통관),ARABAT00,"문구/완구/취미 > 문구용품 > 이벤트/파티용품"
상품구분(해외통관),ARABAU00,"문구/완구/취미 > 문구용품 > 학교준비물"
상품구분(해외통관),ARABAV00,"문구/완구/취미 > 문구용품 > 전통소품"
상품구분(해외통관),ARABAW00,"문구/완구/취미 > 문구용품 > 기타용품"
상품구분(해외통관),ARACAA00,"문구/완구/취미 > 취미 > 프라모델용품"
상품구분(해외통관),ARACAB00,"문구/완구/취미 > 취미 > 입체모형용품"
상품구분(해외통관),ARACAC00,"문구/완구/취미 > 취미 > 피규어"
상품구분(해외통관),ARACAD00,"문구/완구/취미 > 취미 > 도자기"
상품구분(해외통관),ARACAE00,"문구/완구/취미 > 취미 > 악기"
상품구분(해외통관),ARACAF00,"문구/완구/취미 > 취미 > 무선모형 RC"
상품구분(해외통관),ARACAG00,"문구/완구/취미 > 취미 > 보드게임"
상품구분(해외통관),ARACAH00,"문구/완구/취미 > 취미 > 퍼즐"
상품구분(해외통관),ARACAI00,"문구/완구/취미 > 취미 > 바둑"
상품구분(해외통관),ARACAJ00,"문구/완구/취미 > 취미 > 화폐/주화/용품"
상품구분(해외통관),ARACAK00,"문구/완구/취미 > 취미 > 블록"
상품구분(해외통관),ARACAL00,"문구/완구/취미 > 취미 > 어린이 장난감"
상품구분(해외통관),ARACAM00,"문구/완구/취미 > 취미 > 기타용품"
상품구분(해외통관),ARADAA00,"문구/완구/취미 > 애완동물/식물 > 애완동물용품"
상품구분(해외통관),ARADAB00,"문구/완구/취미 > 애완동물/식물 > 애완동물사료"
상품구분(해외통관),ARADAC00,"문구/완구/취미 > 애완동물/식물 > 기타용품"
상품구분(해외통관),ARADAD00,"문구/완구/취미 > 애완동물/식물 > 꽃"
상품구분(해외통관),ARADAE00,"문구/완구/취미 > 애완동물/식물 > 나무"
상품구분(해외통관),ARADAF00,"문구/완구/취미 > 애완동물/식물 > 모종"
상품구분(해외통관),ARADAG00,"문구/완구/취미 > 애완동물/식물 > 화분"
상품구분(해외통관),ARADAH00,"문구/완구/취미 > 애완동물/식물 > 씨앗"
상품구분(해외통관),ASAAAA00,"공구 > 산업용 공구 > 측정기/센서"
상품구분(해외통관),ASAAAB00,"공구 > 산업용 공구 > 배관/파이프"
상품구분(해외통관),ASAAAC00,"공구 > 산업용 공구 > 모터/펌프"
상품구분(해외통관),ASAAAD00,"공구 > 산업용 공구 > 밸브"
상품구분(해외통관),ASAAAE00,"공구 > 산업용 공구 > 발전기"
상품구분(해외통관),ASAAAF00,"공구 > 산업용 공구 > 자재"
상품구분(해외통관),ASAAAG00,"공구 > 산업용 공구 > 용접공구"
상품구분(해외통관),ASAAAH00,"공구 > 산업용 공구 > 인두"
상품구분(해외통관),ASAAAI00,"공구 > 산업용 공구 > 원예공구"
상품구분(해외통관),ASAAAJ00,"공구 > 산업용 공구 > 농기구"
상품구분(해외통관),ASAAAK00,"공구 > 산업용 공구 > 타카"
상품구분(해외통관),ASAAAL00,"공구 > 산업용 공구 > 타카핀"
상품구분(해외통관),ASAAAM00,"공구 > 산업용 공구 > 핸드카트"
상품구분(해외통관),ASAAAN00,"공구 > 산업용 공구 > 환풍기"
상품구분(해외통관),ASAAAO00,"공구 > 산업용 공구 > 전동공구"
상품구분(해외통관),ASAAAP00,"공구 > 산업용 공구 > 세척기"
상품구분(해외통관),ASAAAQ00,"공구 > 산업용 공구 > 열풍기"
상품구분(해외통관),ASAAAR00,"공구 > 산업용 공구 > 누전차단기"
상품구분(해외통관),ASAAAS00,"공구 > 산업용 공구 > 변압기"
상품구분(해외통관),ASAAAT00,"공구 > 산업용 공구 > 스위치"
상품구분(해외통관),ASAAAU00,"공구 > 산업용 공구 > 기타용품"
상품구분(해외통관),ASABAA00,"공구 > 가정용 공구 > 공구세트"
상품구분(해외통관),ASABAB00,"공구 > 가정용 공구 > 철물"
상품구분(해외통관),ASABAC00,"공구 > 가정용 공구 > 드라이버"
상품구분(해외통관),ASABAD00,"공구 > 가정용 공구 > 망치/도끼"
상품구분(해외통관),ASABAE00,"공구 > 가정용 공구 > 못/나사"
상품구분(해외통관),ASABAF00,"공구 > 가정용 공구 > 스패너"
상품구분(해외통관),ASABAG00,"공구 > 가정용 공구 > 드릴"
상품구분(해외통관),ASABAH00,"공구 > 가정용 공구 > 스위치"
상품구분(해외통관),ASABAI00,"공구 > 가정용 공구 > 콘센트"
상품구분(해외통관),ASABAJ00,"공구 > 가정용 공구 > 멀티탭"
상품구분(해외통관),ASABAK00,"공구 > 가정용 공구 > 배터리"
상품구분(해외통관),ASABAL00,"공구 > 가정용 공구 > 자석"
상품구분(해외통관),ASABAM00,"공구 > 가정용 공구 > 전선/케이블"
상품구분(해외통관),ASABAN00,"공구 > 가정용 공구 > 기타용품"
상품구분(해외통관),ASACAA00,"공구 > 안전용품 > 소화기"
상품구분(해외통관),ASACAB00,"공구 > 안전용품 > 사다리"
상품구분(해외통관),ASACAC00,"공구 > 안전용품 > 목장갑"
상품구분(해외통관),ASACAD00,"공구 > 안전용품 > 마스크"
상품구분(해외통관),ASACAE00,"공구 > 안전용품 > 헬멧"
상품구분(해외통관),ASACAF00,"공구 > 안전용품 > 기타용품"
자체분류,C000000A,"기본 자체분류"
